"date","age_cat","n","percent"
2020-01-01,"Under 15",1,1
2020-01-01,"15 to 39",2,1
2020-01-01,"40 to 59",1,1
2020-01-01,"60+",2,1
2020-01-02,"Under 15",3,1
2020-01-02,"15 to 39",2,1
2020-01-02,"40 to 59",0,NA
2020-01-02,"60+",0,NA
2020-01-03,"Under 15",3,1
2020-01-03,"15 to 39",2,1
2020-01-03,"40 to 59",0,NA
2020-01-03,"60+",1,1
2020-01-04,"Under 15",3,1
2020-01-04,"15 to 39",0,NA
2020-01-04,"40 to 59",0,NA
2020-01-04,"60+",0,NA
2020-01-05,"Under 15",1,1
2020-01-05,"15 to 39",2,1
2020-01-05,"40 to 59",4,1
2020-01-05,"60+",1,1
2020-01-06,"Under 15",2,1
2020-01-06,"15 to 39",0,NA
2020-01-06,"40 to 59",2,1
2020-01-06,"60+",0,NA
2020-01-07,"Under 15",1,1
2020-01-07,"15 to 39",2,1
2020-01-07,"40 to 59",0,NA
2020-01-07,"60+",1,1
2020-01-08,"Under 15",1,1
2020-01-08,"15 to 39",2,1
2020-01-08,"40 to 59",0,NA
2020-01-08,"60+",0,NA
2020-01-09,"Under 15",1,1
2020-01-09,"15 to 39",0,NA
2020-01-09,"40 to 59",1,1
2020-01-09,"60+",1,1
2020-01-10,"Under 15",1,1
2020-01-10,"15 to 39",1,1
2020-01-10,"40 to 59",0,NA
2020-01-10,"60+",1,1
2020-01-11,"Under 15",1,1
2020-01-11,"15 to 39",2,1
2020-01-11,"40 to 59",3,1
2020-01-11,"60+",3,1
2020-01-12,"Under 15",3,1
2020-01-12,"15 to 39",1,1
2020-01-12,"40 to 59",1,1
2020-01-12,"60+",3,1
2020-01-13,"Under 15",1,1
2020-01-13,"15 to 39",1,1
2020-01-13,"40 to 59",1,1
2020-01-13,"60+",1,1
2020-01-14,"Under 15",0,NA
2020-01-14,"15 to 39",4,1
2020-01-14,"40 to 59",2,1
2020-01-14,"60+",5,1
2020-01-15,"Under 15",1,1
2020-01-15,"15 to 39",1,1
2020-01-15,"40 to 59",3,1
2020-01-15,"60+",3,1
2020-01-16,"Under 15",1,1
2020-01-16,"15 to 39",3,1
2020-01-16,"40 to 59",1,1
2020-01-16,"60+",0,NA
2020-01-17,"Under 15",3,1
2020-01-17,"15 to 39",2,1
2020-01-17,"40 to 59",2,1
2020-01-17,"60+",0,NA
2020-01-18,"Under 15",1,1
2020-01-18,"15 to 39",1,1
2020-01-18,"40 to 59",1,1
2020-01-18,"60+",2,1
2020-01-19,"Under 15",2,1
2020-01-19,"15 to 39",3,1
2020-01-19,"40 to 59",1,1
2020-01-19,"60+",2,1
2020-01-20,"Under 15",1,1
2020-01-20,"15 to 39",3,1
2020-01-20,"40 to 59",1,1
2020-01-20,"60+",1,1
2020-01-21,"Under 15",1,1
2020-01-21,"15 to 39",2,1
2020-01-21,"40 to 59",2,1
2020-01-21,"60+",1,1
2020-01-22,"Under 15",1,1
2020-01-22,"15 to 39",0,NA
2020-01-22,"40 to 59",0,NA
2020-01-22,"60+",3,1
2020-01-23,"Under 15",6,1
2020-01-23,"15 to 39",2,1
2020-01-23,"40 to 59",0,NA
2020-01-23,"60+",2,1
2020-01-24,"Under 15",2,1
2020-01-24,"15 to 39",1,1
2020-01-24,"40 to 59",0,NA
2020-01-24,"60+",0,NA
2020-01-25,"Under 15",1,1
2020-01-25,"15 to 39",2,1
2020-01-25,"40 to 59",1,1
2020-01-25,"60+",2,1
2020-01-26,"Under 15",0,NA
2020-01-26,"15 to 39",0,NA
2020-01-26,"40 to 59",2,1
2020-01-26,"60+",2,1
2020-01-27,"Under 15",2,1
2020-01-27,"15 to 39",1,1
2020-01-27,"40 to 59",1,1
2020-01-27,"60+",0,NA
2020-01-28,"Under 15",1,1
2020-01-28,"15 to 39",3,1
2020-01-28,"40 to 59",1,1
2020-01-28,"60+",0,NA
2020-01-29,"Under 15",1,1
2020-01-29,"15 to 39",1,1
2020-01-29,"40 to 59",1,1
2020-01-29,"60+",3,1
2020-01-30,"Under 15",2,1
2020-01-30,"15 to 39",3,1
2020-01-30,"40 to 59",2,1
2020-01-30,"60+",0,NA
2020-01-31,"Under 15",2,1
2020-01-31,"15 to 39",0,NA
2020-01-31,"40 to 59",0,NA
2020-01-31,"60+",1,1
2020-02-01,"Under 15",0,NA
2020-02-01,"15 to 39",0,NA
2020-02-01,"40 to 59",1,1
2020-02-01,"60+",2,1
2020-02-02,"Under 15",1,1
2020-02-02,"15 to 39",0,NA
2020-02-02,"40 to 59",0,NA
2020-02-02,"60+",0,NA
2020-02-03,"Under 15",2,1
2020-02-03,"15 to 39",1,1
2020-02-03,"40 to 59",1,1
2020-02-03,"60+",1,1
2020-02-04,"Under 15",0,NA
2020-02-04,"15 to 39",1,1
2020-02-04,"40 to 59",2,1
2020-02-04,"60+",1,1
2020-02-05,"Under 15",0,NA
2020-02-05,"15 to 39",0,NA
2020-02-05,"40 to 59",2,1
2020-02-05,"60+",2,1
2020-02-06,"Under 15",1,1
2020-02-06,"15 to 39",2,1
2020-02-06,"40 to 59",1,1
2020-02-06,"60+",3,1
2020-02-07,"Under 15",2,1
2020-02-07,"15 to 39",0,NA
2020-02-07,"40 to 59",1,1
2020-02-07,"60+",1,1
2020-02-08,"Under 15",0,NA
2020-02-08,"15 to 39",0,NA
2020-02-08,"40 to 59",1,1
2020-02-08,"60+",3,1
2020-02-09,"Under 15",1,1
2020-02-09,"15 to 39",1,1
2020-02-09,"40 to 59",1,1
2020-02-09,"60+",0,NA
2020-02-10,"Under 15",0,NA
2020-02-10,"15 to 39",2,1
2020-02-10,"40 to 59",2,1
2020-02-10,"60+",3,1
2020-02-11,"Under 15",0,NA
2020-02-11,"15 to 39",1,1
2020-02-11,"40 to 59",1,1
2020-02-11,"60+",5,1
2020-02-12,"Under 15",1,1
2020-02-12,"15 to 39",0,NA
2020-02-12,"40 to 59",1,1
2020-02-12,"60+",0,NA
2020-02-13,"Under 15",0,NA
2020-02-13,"15 to 39",2,1
2020-02-13,"40 to 59",1,1
2020-02-13,"60+",0,NA
2020-02-14,"Under 15",1,1
2020-02-14,"15 to 39",1,1
2020-02-14,"40 to 59",0,NA
2020-02-14,"60+",2,1
2020-02-15,"Under 15",1,1
2020-02-15,"15 to 39",2,1
2020-02-15,"40 to 59",0,NA
2020-02-15,"60+",1,1
2020-02-16,"Under 15",0,NA
2020-02-16,"15 to 39",3,1
2020-02-16,"40 to 59",1,1
2020-02-16,"60+",0,NA
2020-02-17,"Under 15",1,1
2020-02-17,"15 to 39",1,1
2020-02-17,"40 to 59",4,1
2020-02-17,"60+",4,1
2020-02-18,"Under 15",1,1
2020-02-18,"15 to 39",1,1
2020-02-18,"40 to 59",0,NA
2020-02-18,"60+",1,1
2020-02-19,"Under 15",2,1
2020-02-19,"15 to 39",0,NA
2020-02-19,"40 to 59",0,NA
2020-02-19,"60+",0,NA
2020-02-20,"Under 15",3,1
2020-02-20,"15 to 39",1,1
2020-02-20,"40 to 59",0,NA
2020-02-20,"60+",1,1
2020-02-21,"Under 15",0,NA
2020-02-21,"15 to 39",1,1
2020-02-21,"40 to 59",1,1
2020-02-21,"60+",3,1
2020-02-22,"Under 15",0,NA
2020-02-22,"15 to 39",0,NA
2020-02-22,"40 to 59",2,1
2020-02-22,"60+",1,1
2020-02-23,"Under 15",2,1
2020-02-23,"15 to 39",2,1
2020-02-23,"40 to 59",1,1
2020-02-23,"60+",2,1
2020-02-24,"Under 15",0,NA
2020-02-24,"15 to 39",1,1
2020-02-24,"40 to 59",0,NA
2020-02-24,"60+",3,1
2020-02-25,"Under 15",2,1
2020-02-25,"15 to 39",0,NA
2020-02-25,"40 to 59",0,NA
2020-02-25,"60+",1,1
2020-02-26,"Under 15",0,NA
2020-02-26,"15 to 39",2,1
2020-02-26,"40 to 59",1,1
2020-02-26,"60+",2,1
2020-02-27,"Under 15",0,NA
2020-02-27,"15 to 39",0,NA
2020-02-27,"40 to 59",2,1
2020-02-27,"60+",2,1
2020-02-28,"Under 15",1,1
2020-02-28,"15 to 39",2,1
2020-02-28,"40 to 59",1,1
2020-02-28,"60+",3,1
2020-02-29,"Under 15",1,1
2020-02-29,"15 to 39",0,NA
2020-02-29,"40 to 59",1,1
2020-02-29,"60+",2,1
2020-03-01,"Under 15",1,1
2020-03-01,"15 to 39",1,1
2020-03-01,"40 to 59",1,1
2020-03-01,"60+",1,1
2020-03-02,"Under 15",0,NA
2020-03-02,"15 to 39",1,1
2020-03-02,"40 to 59",1,1
2020-03-02,"60+",1,1
2020-03-03,"Under 15",1,1
2020-03-03,"15 to 39",4,1
2020-03-03,"40 to 59",3,1
2020-03-03,"60+",5,1
2020-03-04,"Under 15",0,NA
2020-03-04,"15 to 39",0,NA
2020-03-04,"40 to 59",1,1
2020-03-04,"60+",1,1
2020-03-05,"Under 15",0,NA
2020-03-05,"15 to 39",1,1
2020-03-05,"40 to 59",4,1
2020-03-05,"60+",2,1
2020-03-06,"Under 15",2,1
2020-03-06,"15 to 39",1,1
2020-03-06,"40 to 59",0,NA
2020-03-06,"60+",0,NA
2020-03-07,"Under 15",1,1
2020-03-07,"15 to 39",0,NA
2020-03-07,"40 to 59",2,1
2020-03-07,"60+",2,1
2020-03-08,"Under 15",0,NA
2020-03-08,"15 to 39",1,1
2020-03-08,"40 to 59",2,1
2020-03-08,"60+",2,1
2020-03-09,"Under 15",1,1
2020-03-09,"15 to 39",1,1
2020-03-09,"40 to 59",0,NA
2020-03-09,"60+",0,NA
2020-03-10,"Under 15",0,NA
2020-03-10,"15 to 39",4,1
2020-03-10,"40 to 59",3,1
2020-03-10,"60+",2,1
2020-03-11,"Under 15",0,NA
2020-03-11,"15 to 39",1,1
2020-03-11,"40 to 59",1,1
2020-03-11,"60+",3,1
2020-03-12,"Under 15",2,1
2020-03-12,"15 to 39",2,1
2020-03-12,"40 to 59",1,1
2020-03-12,"60+",0,NA
2020-03-13,"Under 15",1,1
2020-03-13,"15 to 39",1,1
2020-03-13,"40 to 59",0,NA
2020-03-13,"60+",2,1
2020-03-14,"Under 15",0,NA
2020-03-14,"15 to 39",0,NA
2020-03-14,"40 to 59",1,1
2020-03-14,"60+",2,1
2020-03-15,"Under 15",1,1
2020-03-15,"15 to 39",3,1
2020-03-15,"40 to 59",1,1
2020-03-15,"60+",4,1
2020-03-16,"Under 15",1,1
2020-03-16,"15 to 39",2,1
2020-03-16,"40 to 59",1,1
2020-03-16,"60+",2,1
2020-03-17,"Under 15",0,NA
2020-03-17,"15 to 39",2,1
2020-03-17,"40 to 59",0,NA
2020-03-17,"60+",1,1
2020-03-18,"Under 15",2,1
2020-03-18,"15 to 39",0,NA
2020-03-18,"40 to 59",0,NA
2020-03-18,"60+",0,NA
2020-03-19,"Under 15",0,NA
2020-03-19,"15 to 39",1,1
2020-03-19,"40 to 59",2,1
2020-03-19,"60+",1,1
2020-03-20,"Under 15",1,1
2020-03-20,"15 to 39",0,NA
2020-03-20,"40 to 59",0,NA
2020-03-20,"60+",1,1
2020-03-21,"Under 15",0,NA
2020-03-21,"15 to 39",1,1
2020-03-21,"40 to 59",1,1
2020-03-21,"60+",1,1
2020-03-22,"Under 15",1,1
2020-03-22,"15 to 39",1,1
2020-03-22,"40 to 59",0,NA
2020-03-22,"60+",0,NA
2020-03-23,"Under 15",2,1
2020-03-23,"15 to 39",0,NA
2020-03-23,"40 to 59",0,NA
2020-03-23,"60+",0,NA
2020-03-24,"Under 15",1,1
2020-03-24,"15 to 39",1,1
2020-03-24,"40 to 59",2,1
2020-03-24,"60+",0,NA
2020-03-25,"Under 15",0,NA
2020-03-25,"15 to 39",1,1
2020-03-25,"40 to 59",0,NA
2020-03-25,"60+",1,1
2020-03-26,"Under 15",0,NA
2020-03-26,"15 to 39",2,1
2020-03-26,"40 to 59",1,1
2020-03-26,"60+",3,1
2020-03-27,"Under 15",0,NA
2020-03-27,"15 to 39",3,1
2020-03-27,"40 to 59",1,1
2020-03-27,"60+",2,1
2020-03-28,"Under 15",0,NA
2020-03-28,"15 to 39",2,1
2020-03-28,"40 to 59",1,1
2020-03-28,"60+",1,1
2020-03-29,"Under 15",0,NA
2020-03-29,"15 to 39",2,1
2020-03-29,"40 to 59",1,1
2020-03-29,"60+",1,1
2020-03-30,"Under 15",0,NA
2020-03-30,"15 to 39",1,1
2020-03-30,"40 to 59",0,NA
2020-03-30,"60+",1,1
2020-03-31,"Under 15",2,1
2020-03-31,"15 to 39",0,NA
2020-03-31,"40 to 59",0,NA
2020-03-31,"60+",0,NA
2020-04-01,"Under 15",0,NA
2020-04-01,"15 to 39",1,1
2020-04-01,"40 to 59",0,NA
2020-04-01,"60+",2,1
2020-04-02,"Under 15",0,NA
2020-04-02,"15 to 39",0,NA
2020-04-02,"40 to 59",1,1
2020-04-02,"60+",1,1
2020-04-03,"Under 15",0,NA
2020-04-03,"15 to 39",1,1
2020-04-03,"40 to 59",2,1
2020-04-03,"60+",0,NA
2020-04-04,"Under 15",1,1
2020-04-04,"15 to 39",1,1
2020-04-04,"40 to 59",0,NA
2020-04-04,"60+",0,NA
2020-04-05,"Under 15",0,NA
2020-04-05,"15 to 39",1,1
2020-04-05,"40 to 59",0,NA
2020-04-05,"60+",2,1
2020-04-06,"Under 15",2,1
2020-04-06,"15 to 39",1,1
2020-04-06,"40 to 59",0,NA
2020-04-06,"60+",0,NA
2020-04-07,"Under 15",0,NA
2020-04-07,"15 to 39",2,1
2020-04-07,"40 to 59",1,1
2020-04-07,"60+",0,NA
2020-04-08,"Under 15",2,1
2020-04-08,"15 to 39",1,1
2020-04-08,"40 to 59",1,1
2020-04-08,"60+",0,NA
2020-04-09,"Under 15",0,NA
2020-04-09,"15 to 39",3,1
2020-04-09,"40 to 59",2,1
2020-04-09,"60+",2,1
2020-04-10,"Under 15",0,NA
2020-04-10,"15 to 39",0,NA
2020-04-10,"40 to 59",1,1
2020-04-10,"60+",1,1
2020-04-11,"Under 15",0,NA
2020-04-11,"15 to 39",2,1
2020-04-11,"40 to 59",1,1
2020-04-11,"60+",1,1
2020-04-12,"Under 15",1,1
2020-04-12,"15 to 39",1,1
2020-04-12,"40 to 59",0,NA
2020-04-12,"60+",0,NA
2020-04-13,"Under 15",3,1
2020-04-13,"15 to 39",0,NA
2020-04-13,"40 to 59",0,NA
2020-04-13,"60+",0,NA
2020-04-14,"Under 15",1,1
2020-04-14,"15 to 39",1,1
2020-04-14,"40 to 59",0,NA
2020-04-14,"60+",5,1
2020-04-15,"Under 15",0,NA
2020-04-15,"15 to 39",1,1
2020-04-15,"40 to 59",1,1
2020-04-15,"60+",2,1
2020-04-16,"Under 15",1,1
2020-04-16,"15 to 39",0,NA
2020-04-16,"40 to 59",2,1
2020-04-16,"60+",0,NA
2020-04-17,"Under 15",1,1
2020-04-17,"15 to 39",1,1
2020-04-17,"40 to 59",4,1
2020-04-17,"60+",1,1
2020-04-18,"Under 15",1,1
2020-04-18,"15 to 39",1,1
2020-04-18,"40 to 59",1,1
2020-04-18,"60+",1,1
2020-04-19,"Under 15",1,1
2020-04-19,"15 to 39",1,1
2020-04-19,"40 to 59",1,1
2020-04-19,"60+",3,1
2020-04-20,"Under 15",0,NA
2020-04-20,"15 to 39",1,1
2020-04-20,"40 to 59",0,NA
2020-04-20,"60+",2,1
2020-04-21,"Under 15",0,NA
2020-04-21,"15 to 39",1,1
2020-04-21,"40 to 59",1,1
2020-04-21,"60+",0,NA
2020-04-22,"Under 15",2,1
2020-04-22,"15 to 39",2,1
2020-04-22,"40 to 59",1,1
2020-04-22,"60+",0,NA
2020-04-23,"Under 15",1,1
2020-04-23,"15 to 39",2,1
2020-04-23,"40 to 59",1,1
2020-04-23,"60+",2,1
2020-04-24,"Under 15",2,1
2020-04-24,"15 to 39",0,NA
2020-04-24,"40 to 59",1,1
2020-04-24,"60+",2,1
2020-04-25,"Under 15",0,NA
2020-04-25,"15 to 39",4,1
2020-04-25,"40 to 59",1,1
2020-04-25,"60+",3,1
2020-04-26,"Under 15",0,NA
2020-04-26,"15 to 39",1,1
2020-04-26,"40 to 59",2,1
2020-04-26,"60+",1,1
2020-04-27,"Under 15",1,1
2020-04-27,"15 to 39",0,NA
2020-04-27,"40 to 59",0,NA
2020-04-27,"60+",1,1
2020-04-28,"Under 15",1,1
2020-04-28,"15 to 39",2,1
2020-04-28,"40 to 59",0,NA
2020-04-28,"60+",0,NA
2020-04-29,"Under 15",0,NA
2020-04-29,"15 to 39",2,1
2020-04-29,"40 to 59",2,1
2020-04-29,"60+",3,1
2020-04-30,"Under 15",1,1
2020-04-30,"15 to 39",3,1
2020-04-30,"40 to 59",2,1
2020-04-30,"60+",1,1
2020-05-01,"Under 15",1,1
2020-05-01,"15 to 39",1,1
2020-05-01,"40 to 59",1,1
2020-05-01,"60+",1,1
2020-05-02,"Under 15",0,NA
2020-05-02,"15 to 39",3,1
2020-05-02,"40 to 59",0,NA
2020-05-02,"60+",1,1
2020-05-03,"Under 15",1,1
2020-05-03,"15 to 39",2,1
2020-05-03,"40 to 59",4,1
2020-05-03,"60+",0,NA
2020-05-04,"Under 15",1,1
2020-05-04,"15 to 39",2,1
2020-05-04,"40 to 59",1,1
2020-05-04,"60+",1,1
2020-05-05,"Under 15",1,1
2020-05-05,"15 to 39",0,NA
2020-05-05,"40 to 59",0,NA
2020-05-05,"60+",3,1
2020-05-06,"Under 15",2,1
2020-05-06,"15 to 39",0,NA
2020-05-06,"40 to 59",0,NA
2020-05-06,"60+",0,NA
2020-05-07,"Under 15",2,1
2020-05-07,"15 to 39",0,NA
2020-05-07,"40 to 59",0,NA
2020-05-07,"60+",1,1
2020-05-08,"Under 15",1,1
2020-05-08,"15 to 39",2,1
2020-05-08,"40 to 59",1,1
2020-05-08,"60+",2,1
2020-05-09,"Under 15",0,NA
2020-05-09,"15 to 39",3,1
2020-05-09,"40 to 59",0,NA
2020-05-09,"60+",1,1
2020-05-10,"Under 15",0,NA
2020-05-10,"15 to 39",3,1
2020-05-10,"40 to 59",1,1
2020-05-10,"60+",0,NA
2020-05-11,"Under 15",1,1
2020-05-11,"15 to 39",1,1
2020-05-11,"40 to 59",1,1
2020-05-11,"60+",2,1
2020-05-12,"Under 15",1,1
2020-05-12,"15 to 39",2,1
2020-05-12,"40 to 59",0,NA
2020-05-12,"60+",1,1
2020-05-13,"Under 15",0,NA
2020-05-13,"15 to 39",4,1
2020-05-13,"40 to 59",0,NA
2020-05-13,"60+",2,1
2020-05-14,"Under 15",1,1
2020-05-14,"15 to 39",1,1
2020-05-14,"40 to 59",2,1
2020-05-14,"60+",2,1
2020-05-15,"Under 15",0,NA
2020-05-15,"15 to 39",3,1
2020-05-15,"40 to 59",1,1
2020-05-15,"60+",1,1
2020-05-16,"Under 15",0,NA
2020-05-16,"15 to 39",1,1
2020-05-16,"40 to 59",2,1
2020-05-16,"60+",0,NA
2020-05-17,"Under 15",1,1
2020-05-17,"15 to 39",0,NA
2020-05-17,"40 to 59",1,1
2020-05-17,"60+",0,NA
2020-05-18,"Under 15",1,1
2020-05-18,"15 to 39",1,1
2020-05-18,"40 to 59",2,1
2020-05-18,"60+",1,1
2020-05-19,"Under 15",0,NA
2020-05-19,"15 to 39",0,NA
2020-05-19,"40 to 59",0,NA
2020-05-19,"60+",4,1
2020-05-20,"Under 15",1,1
2020-05-20,"15 to 39",1,1
2020-05-20,"40 to 59",0,NA
2020-05-20,"60+",1,1
2020-05-21,"Under 15",0,NA
2020-05-21,"15 to 39",1,1
2020-05-21,"40 to 59",2,1
2020-05-21,"60+",1,1
2020-05-22,"Under 15",1,1
2020-05-22,"15 to 39",0,NA
2020-05-22,"40 to 59",5,1
2020-05-22,"60+",2,1
2020-05-23,"Under 15",1,1
2020-05-23,"15 to 39",0,NA
2020-05-23,"40 to 59",2,1
2020-05-23,"60+",4,1
2020-05-24,"Under 15",0,NA
2020-05-24,"15 to 39",0,NA
2020-05-24,"40 to 59",1,1
2020-05-24,"60+",1,1
2020-05-25,"Under 15",0,NA
2020-05-25,"15 to 39",3,1
2020-05-25,"40 to 59",1,1
2020-05-25,"60+",2,1
2020-05-26,"Under 15",0,NA
2020-05-26,"15 to 39",2,1
2020-05-26,"40 to 59",0,NA
2020-05-26,"60+",1,1
2020-05-27,"Under 15",0,NA
2020-05-27,"15 to 39",1,1
2020-05-27,"40 to 59",2,1
2020-05-27,"60+",1,1
2020-05-28,"Under 15",2,1
2020-05-28,"15 to 39",1,1
2020-05-28,"40 to 59",0,NA
2020-05-28,"60+",0,NA
2020-05-29,"Under 15",0,NA
2020-05-29,"15 to 39",1,1
2020-05-29,"40 to 59",0,NA
2020-05-29,"60+",2,1
2020-05-30,"Under 15",1,1
2020-05-30,"15 to 39",2,1
2020-05-30,"40 to 59",1,1
2020-05-30,"60+",0,NA
2020-05-31,"Under 15",0,NA
2020-05-31,"15 to 39",1,1
2020-05-31,"40 to 59",1,1
2020-05-31,"60+",0,NA
2020-06-01,"Under 15",1,1
2020-06-01,"15 to 39",1,1
2020-06-01,"40 to 59",2,1
2020-06-01,"60+",3,1
2020-06-02,"Under 15",1,1
2020-06-02,"15 to 39",0,NA
2020-06-02,"40 to 59",0,NA
2020-06-02,"60+",2,1
2020-06-03,"Under 15",1,1
2020-06-03,"15 to 39",3,1
2020-06-03,"40 to 59",1,1
2020-06-03,"60+",0,NA
2020-06-04,"Under 15",1,1
2020-06-04,"15 to 39",3,1
2020-06-04,"40 to 59",1,1
2020-06-04,"60+",0,NA
2020-06-05,"Under 15",0,NA
2020-06-05,"15 to 39",1,1
2020-06-05,"40 to 59",2,1
2020-06-05,"60+",0,NA
2020-06-06,"Under 15",0,NA
2020-06-06,"15 to 39",0,NA
2020-06-06,"40 to 59",4,1
2020-06-06,"60+",1,1
2020-06-07,"Under 15",1,1
2020-06-07,"15 to 39",0,NA
2020-06-07,"40 to 59",2,1
2020-06-07,"60+",0,NA
2020-06-08,"Under 15",2,1
2020-06-08,"15 to 39",0,NA
2020-06-08,"40 to 59",0,NA
2020-06-08,"60+",0,NA
2020-06-09,"Under 15",2,1
2020-06-09,"15 to 39",5,1
2020-06-09,"40 to 59",2,1
2020-06-09,"60+",2,1
2020-06-10,"Under 15",0,NA
2020-06-10,"15 to 39",1,1
2020-06-10,"40 to 59",1,1
2020-06-10,"60+",5,1
2020-06-11,"Under 15",0,NA
2020-06-11,"15 to 39",1,1
2020-06-11,"40 to 59",1,1
2020-06-11,"60+",3,1
2020-06-12,"Under 15",0,NA
2020-06-12,"15 to 39",2,1
2020-06-12,"40 to 59",3,1
2020-06-12,"60+",1,1
2020-06-13,"Under 15",0,NA
2020-06-13,"15 to 39",2,1
2020-06-13,"40 to 59",1,1
2020-06-13,"60+",1,1
2020-06-14,"Under 15",1,1
2020-06-14,"15 to 39",1,1
2020-06-14,"40 to 59",0,NA
2020-06-14,"60+",0,NA
2020-06-15,"Under 15",2,1
2020-06-15,"15 to 39",2,1
2020-06-15,"40 to 59",2,1
2020-06-15,"60+",0,NA
2020-06-16,"Under 15",1,1
2020-06-16,"15 to 39",1,1
2020-06-16,"40 to 59",0,NA
2020-06-16,"60+",0,NA
2020-06-17,"Under 15",1,1
2020-06-17,"15 to 39",0,NA
2020-06-17,"40 to 59",1,1
2020-06-17,"60+",4,1
2020-06-18,"Under 15",1,1
2020-06-18,"15 to 39",2,1
2020-06-18,"40 to 59",0,NA
2020-06-18,"60+",2,1
2020-06-19,"Under 15",2,1
2020-06-19,"15 to 39",1,1
2020-06-19,"40 to 59",0,NA
2020-06-19,"60+",0,NA
2020-06-20,"Under 15",1,1
2020-06-20,"15 to 39",3,1
2020-06-20,"40 to 59",1,1
2020-06-20,"60+",0,NA
2020-06-21,"Under 15",1,1
2020-06-21,"15 to 39",0,NA
2020-06-21,"40 to 59",0,NA
2020-06-21,"60+",2,1
2020-06-22,"Under 15",0,NA
2020-06-22,"15 to 39",2,1
2020-06-22,"40 to 59",1,1
2020-06-22,"60+",6,1
2020-06-23,"Under 15",0,NA
2020-06-23,"15 to 39",0,NA
2020-06-23,"40 to 59",0,NA
2020-06-23,"60+",3,1
2020-06-24,"Under 15",2,1
2020-06-24,"15 to 39",0,NA
2020-06-24,"40 to 59",0,NA
2020-06-24,"60+",0,NA
2020-06-25,"Under 15",0,NA
2020-06-25,"15 to 39",3,1
2020-06-25,"40 to 59",1,1
2020-06-25,"60+",3,1
2020-06-26,"Under 15",0,NA
2020-06-26,"15 to 39",0,NA
2020-06-26,"40 to 59",1,1
2020-06-26,"60+",1,1
2020-06-27,"Under 15",0,NA
2020-06-27,"15 to 39",0,NA
2020-06-27,"40 to 59",2,1
2020-06-27,"60+",3,1
2020-06-28,"Under 15",0,NA
2020-06-28,"15 to 39",4,1
2020-06-28,"40 to 59",5,1
2020-06-28,"60+",1,1
2020-06-29,"Under 15",0,NA
2020-06-29,"15 to 39",2,1
2020-06-29,"40 to 59",1,1
2020-06-29,"60+",3,1
2020-06-30,"Under 15",0,NA
2020-06-30,"15 to 39",1,1
2020-06-30,"40 to 59",1,1
2020-06-30,"60+",1,1
2020-07-01,"Under 15",0,NA
2020-07-01,"15 to 39",1,1
2020-07-01,"40 to 59",2,1
2020-07-01,"60+",6,1
2020-07-02,"Under 15",0,NA
2020-07-02,"15 to 39",4,1
2020-07-02,"40 to 59",1,1
2020-07-02,"60+",1,1
2020-07-03,"Under 15",1,1
2020-07-03,"15 to 39",0,NA
2020-07-03,"40 to 59",0,NA
2020-07-03,"60+",1,1
2020-07-04,"Under 15",0,NA
2020-07-04,"15 to 39",1,1
2020-07-04,"40 to 59",0,NA
2020-07-04,"60+",2,1
2020-07-05,"Under 15",0,NA
2020-07-05,"15 to 39",1,1
2020-07-05,"40 to 59",5,1
2020-07-05,"60+",2,1
2020-07-06,"Under 15",0,NA
2020-07-06,"15 to 39",1,1
2020-07-06,"40 to 59",3,1
2020-07-06,"60+",1,1
2020-07-07,"Under 15",0,NA
2020-07-07,"15 to 39",2,1
2020-07-07,"40 to 59",1,1
2020-07-07,"60+",1,1
2020-07-08,"Under 15",0,NA
2020-07-08,"15 to 39",0,NA
2020-07-08,"40 to 59",3,1
2020-07-08,"60+",0,NA
2020-07-09,"Under 15",0,NA
2020-07-09,"15 to 39",2,1
2020-07-09,"40 to 59",2,1
2020-07-09,"60+",4,1
2020-07-10,"Under 15",3,1
2020-07-10,"15 to 39",0,NA
2020-07-10,"40 to 59",0,NA
2020-07-10,"60+",1,1
2020-07-11,"Under 15",0,NA
2020-07-11,"15 to 39",1,1
2020-07-11,"40 to 59",0,NA
2020-07-11,"60+",3,1
2020-07-12,"Under 15",2,1
2020-07-12,"15 to 39",0,NA
2020-07-12,"40 to 59",0,NA
2020-07-12,"60+",1,1
2020-07-13,"Under 15",1,1
2020-07-13,"15 to 39",0,NA
2020-07-13,"40 to 59",1,1
2020-07-13,"60+",1,1
2020-07-14,"Under 15",0,NA
2020-07-14,"15 to 39",0,NA
2020-07-14,"40 to 59",0,NA
2020-07-14,"60+",5,1
2020-07-15,"Under 15",0,NA
2020-07-15,"15 to 39",1,1
2020-07-15,"40 to 59",4,1
2020-07-15,"60+",1,1
2020-07-16,"Under 15",0,NA
2020-07-16,"15 to 39",1,1
2020-07-16,"40 to 59",1,1
2020-07-16,"60+",1,1
2020-07-17,"Under 15",0,NA
2020-07-17,"15 to 39",0,NA
2020-07-17,"40 to 59",2,1
2020-07-17,"60+",5,1
2020-07-18,"Under 15",1,1
2020-07-18,"15 to 39",1,1
2020-07-18,"40 to 59",0,NA
2020-07-18,"60+",2,1
2020-07-19,"Under 15",0,NA
2020-07-19,"15 to 39",2,1
2020-07-19,"40 to 59",0,NA
2020-07-19,"60+",3,1
2020-07-20,"Under 15",0,NA
2020-07-20,"15 to 39",1,1
2020-07-20,"40 to 59",1,1
2020-07-20,"60+",2,1
2020-07-21,"Under 15",1,1
2020-07-21,"15 to 39",2,1
2020-07-21,"40 to 59",2,1
2020-07-21,"60+",7,1
2020-07-22,"Under 15",0,NA
2020-07-22,"15 to 39",2,1
2020-07-22,"40 to 59",3,1
2020-07-22,"60+",4,1
2020-07-23,"Under 15",0,NA
2020-07-23,"15 to 39",3,1
2020-07-23,"40 to 59",1,1
2020-07-23,"60+",3,1
2020-07-24,"Under 15",1,1
2020-07-24,"15 to 39",1,1
2020-07-24,"40 to 59",3,1
2020-07-24,"60+",2,1
2020-07-25,"Under 15",0,NA
2020-07-25,"15 to 39",1,1
2020-07-25,"40 to 59",0,NA
2020-07-25,"60+",2,1
2020-07-26,"Under 15",1,1
2020-07-26,"15 to 39",2,1
2020-07-26,"40 to 59",7,1
2020-07-26,"60+",1,1
2020-07-27,"Under 15",0,NA
2020-07-27,"15 to 39",2,1
2020-07-27,"40 to 59",4,1
2020-07-27,"60+",4,1
2020-07-28,"Under 15",0,NA
2020-07-28,"15 to 39",1,1
2020-07-28,"40 to 59",2,1
2020-07-28,"60+",3,1
2020-07-29,"Under 15",0,NA
2020-07-29,"15 to 39",2,1
2020-07-29,"40 to 59",1,1
2020-07-29,"60+",3,1
2020-07-30,"Under 15",1,1
2020-07-30,"15 to 39",2,1
2020-07-30,"40 to 59",3,1
2020-07-30,"60+",3,1
2020-07-31,"Under 15",0,NA
2020-07-31,"15 to 39",3,1
2020-07-31,"40 to 59",0,NA
2020-07-31,"60+",0,NA
2020-08-01,"Under 15",0,NA
2020-08-01,"15 to 39",4,1
2020-08-01,"40 to 59",1,1
2020-08-01,"60+",5,1
2020-08-02,"Under 15",0,NA
2020-08-02,"15 to 39",2,1
2020-08-02,"40 to 59",1,1
2020-08-02,"60+",2,1
2020-08-03,"Under 15",0,NA
2020-08-03,"15 to 39",2,1
2020-08-03,"40 to 59",2,1
2020-08-03,"60+",4,1
2020-08-04,"Under 15",1,1
2020-08-04,"15 to 39",3,1
2020-08-04,"40 to 59",1,1
2020-08-04,"60+",2,1
2020-08-05,"Under 15",1,1
2020-08-05,"15 to 39",1,1
2020-08-05,"40 to 59",0,NA
2020-08-05,"60+",4,1
2020-08-06,"Under 15",1,1
2020-08-06,"15 to 39",0,NA
2020-08-06,"40 to 59",2,1
2020-08-06,"60+",0,NA
2020-08-07,"Under 15",1,1
2020-08-07,"15 to 39",1,1
2020-08-07,"40 to 59",1,1
2020-08-07,"60+",2,1
2020-08-08,"Under 15",1,1
2020-08-08,"15 to 39",2,1
2020-08-08,"40 to 59",0,NA
2020-08-08,"60+",2,1
2020-08-09,"Under 15",0,NA
2020-08-09,"15 to 39",0,NA
2020-08-09,"40 to 59",2,1
2020-08-09,"60+",2,1
2020-08-10,"Under 15",0,NA
2020-08-10,"15 to 39",2,1
2020-08-10,"40 to 59",0,NA
2020-08-10,"60+",4,1
2020-08-11,"Under 15",1,1
2020-08-11,"15 to 39",1,1
2020-08-11,"40 to 59",2,1
2020-08-11,"60+",1,1
2020-08-12,"Under 15",0,NA
2020-08-12,"15 to 39",2,1
2020-08-12,"40 to 59",0,NA
2020-08-12,"60+",3,1
2020-08-13,"Under 15",0,NA
2020-08-13,"15 to 39",2,1
2020-08-13,"40 to 59",1,1
2020-08-13,"60+",5,1
2020-08-14,"Under 15",1,1
2020-08-14,"15 to 39",3,1
2020-08-14,"40 to 59",1,1
2020-08-14,"60+",1,1
2020-08-15,"Under 15",0,NA
2020-08-15,"15 to 39",1,1
2020-08-15,"40 to 59",0,NA
2020-08-15,"60+",5,1
2020-08-16,"Under 15",1,1
2020-08-16,"15 to 39",0,NA
2020-08-16,"40 to 59",4,1
2020-08-16,"60+",0,NA
2020-08-17,"Under 15",1,1
2020-08-17,"15 to 39",0,NA
2020-08-17,"40 to 59",1,1
2020-08-17,"60+",0,NA
2020-08-18,"Under 15",0,NA
2020-08-18,"15 to 39",1,1
2020-08-18,"40 to 59",0,NA
2020-08-18,"60+",1,1
2020-08-19,"Under 15",0,NA
2020-08-19,"15 to 39",2,1
2020-08-19,"40 to 59",1,1
2020-08-19,"60+",6,1
2020-08-20,"Under 15",0,NA
2020-08-20,"15 to 39",1,1
2020-08-20,"40 to 59",1,1
2020-08-20,"60+",5,1
2020-08-21,"Under 15",0,NA
2020-08-21,"15 to 39",1,1
2020-08-21,"40 to 59",1,1
2020-08-21,"60+",0,NA
2020-08-22,"Under 15",0,NA
2020-08-22,"15 to 39",4,1
2020-08-22,"40 to 59",0,NA
2020-08-22,"60+",3,1
2020-08-23,"Under 15",0,NA
2020-08-23,"15 to 39",2,1
2020-08-23,"40 to 59",3,1
2020-08-23,"60+",1,1
2020-08-24,"Under 15",0,NA
2020-08-24,"15 to 39",2,1
2020-08-24,"40 to 59",4,1
2020-08-24,"60+",0,NA
2020-08-25,"Under 15",2,1
2020-08-25,"15 to 39",0,NA
2020-08-25,"40 to 59",0,NA
2020-08-25,"60+",1,1
2020-08-26,"Under 15",0,NA
2020-08-26,"15 to 39",0,NA
2020-08-26,"40 to 59",4,1
2020-08-26,"60+",5,1
2020-08-27,"Under 15",1,1
2020-08-27,"15 to 39",1,1
2020-08-27,"40 to 59",2,1
2020-08-27,"60+",0,NA
2020-08-28,"Under 15",0,NA
2020-08-28,"15 to 39",1,1
2020-08-28,"40 to 59",2,1
2020-08-28,"60+",1,1
2020-08-29,"Under 15",1,1
2020-08-29,"15 to 39",1,1
2020-08-29,"40 to 59",1,1
2020-08-29,"60+",2,1
2020-08-30,"Under 15",0,NA
2020-08-30,"15 to 39",0,NA
2020-08-30,"40 to 59",0,NA
2020-08-30,"60+",3,1
2020-08-31,"Under 15",0,NA
2020-08-31,"15 to 39",2,1
2020-08-31,"40 to 59",2,1
2020-08-31,"60+",3,1
2020-09-01,"Under 15",1,1
2020-09-01,"15 to 39",4,1
2020-09-01,"40 to 59",4,1
2020-09-01,"60+",5,1
2020-09-02,"Under 15",0,NA
2020-09-02,"15 to 39",3,1
2020-09-02,"40 to 59",1,1
2020-09-02,"60+",2,1
2020-09-03,"Under 15",0,NA
2020-09-03,"15 to 39",1,1
2020-09-03,"40 to 59",0,NA
2020-09-03,"60+",2,1
2020-09-04,"Under 15",0,NA
2020-09-04,"15 to 39",1,1
2020-09-04,"40 to 59",1,1
2020-09-04,"60+",2,1
2020-09-05,"Under 15",0,NA
2020-09-05,"15 to 39",1,1
2020-09-05,"40 to 59",1,1
2020-09-05,"60+",2,1
2020-09-06,"Under 15",0,NA
2020-09-06,"15 to 39",1,1
2020-09-06,"40 to 59",2,1
2020-09-06,"60+",2,1
2020-09-07,"Under 15",1,1
2020-09-07,"15 to 39",3,1
2020-09-07,"40 to 59",3,1
2020-09-07,"60+",2,1
2020-09-08,"Under 15",0,NA
2020-09-08,"15 to 39",0,NA
2020-09-08,"40 to 59",0,NA
2020-09-08,"60+",2,1
2020-09-09,"Under 15",0,NA
2020-09-09,"15 to 39",1,1
2020-09-09,"40 to 59",2,1
2020-09-09,"60+",0,NA
2020-09-10,"Under 15",0,NA
2020-09-10,"15 to 39",1,1
2020-09-10,"40 to 59",4,1
2020-09-10,"60+",0,NA
2020-09-11,"Under 15",1,1
2020-09-11,"15 to 39",2,1
2020-09-11,"40 to 59",0,NA
2020-09-11,"60+",1,1
2020-09-12,"Under 15",1,1
2020-09-12,"15 to 39",2,1
2020-09-12,"40 to 59",1,1
2020-09-12,"60+",3,1
2020-09-13,"Under 15",1,1
2020-09-13,"15 to 39",1,1
2020-09-13,"40 to 59",0,NA
2020-09-13,"60+",1,1
2020-09-14,"Under 15",1,1
2020-09-14,"15 to 39",2,1
2020-09-14,"40 to 59",0,NA
2020-09-14,"60+",4,1
2020-09-15,"Under 15",0,NA
2020-09-15,"15 to 39",4,1
2020-09-15,"40 to 59",1,1
2020-09-15,"60+",2,1
2020-09-16,"Under 15",0,NA
2020-09-16,"15 to 39",3,1
2020-09-16,"40 to 59",0,NA
2020-09-16,"60+",6,1
2020-09-17,"Under 15",1,1
2020-09-17,"15 to 39",1,1
2020-09-17,"40 to 59",0,NA
2020-09-17,"60+",1,1
2020-09-18,"Under 15",0,NA
2020-09-18,"15 to 39",2,1
2020-09-18,"40 to 59",0,NA
2020-09-18,"60+",3,1
2020-09-19,"Under 15",1,1
2020-09-19,"15 to 39",1,1
2020-09-19,"40 to 59",1,1
2020-09-19,"60+",0,NA
2020-09-20,"Under 15",0,NA
2020-09-20,"15 to 39",1,1
2020-09-20,"40 to 59",1,1
2020-09-20,"60+",3,1
2020-09-21,"Under 15",1,1
2020-09-21,"15 to 39",3,1
2020-09-21,"40 to 59",6,1
2020-09-21,"60+",4,1
2020-09-22,"Under 15",1,1
2020-09-22,"15 to 39",1,1
2020-09-22,"40 to 59",2,1
2020-09-22,"60+",0,NA
2020-09-23,"Under 15",1,1
2020-09-23,"15 to 39",3,1
2020-09-23,"40 to 59",0,NA
2020-09-23,"60+",2,1
2020-09-24,"Under 15",0,NA
2020-09-24,"15 to 39",4,1
2020-09-24,"40 to 59",0,NA
2020-09-24,"60+",3,1
2020-09-25,"Under 15",0,NA
2020-09-25,"15 to 39",1,1
2020-09-25,"40 to 59",0,NA
2020-09-25,"60+",5,1
2020-09-26,"Under 15",0,NA
2020-09-26,"15 to 39",1,1
2020-09-26,"40 to 59",2,1
2020-09-26,"60+",2,1
2020-09-27,"Under 15",0,NA
2020-09-27,"15 to 39",0,NA
2020-09-27,"40 to 59",1,1
2020-09-27,"60+",2,1
2020-09-28,"Under 15",0,NA
2020-09-28,"15 to 39",1,1
2020-09-28,"40 to 59",1,1
2020-09-28,"60+",2,1
2020-09-29,"Under 15",0,NA
2020-09-29,"15 to 39",2,1
2020-09-29,"40 to 59",4,1
2020-09-29,"60+",3,1
2020-09-30,"Under 15",0,NA
2020-09-30,"15 to 39",2,1
2020-09-30,"40 to 59",1,1
2020-09-30,"60+",4,1
2020-10-01,"Under 15",1,1
2020-10-01,"15 to 39",2,1
2020-10-01,"40 to 59",0,NA
2020-10-01,"60+",0,NA
2020-10-02,"Under 15",0,NA
2020-10-02,"15 to 39",2,1
2020-10-02,"40 to 59",1,1
2020-10-02,"60+",3,1
2020-10-03,"Under 15",1,1
2020-10-03,"15 to 39",2,1
2020-10-03,"40 to 59",0,NA
2020-10-03,"60+",1,1
2020-10-04,"Under 15",0,NA
2020-10-04,"15 to 39",2,1
2020-10-04,"40 to 59",0,NA
2020-10-04,"60+",2,1
2020-10-05,"Under 15",0,NA
2020-10-05,"15 to 39",1,1
2020-10-05,"40 to 59",1,1
2020-10-05,"60+",0,NA
2020-10-06,"Under 15",0,NA
2020-10-06,"15 to 39",0,NA
2020-10-06,"40 to 59",1,1
2020-10-06,"60+",4,1
2020-10-07,"Under 15",0,NA
2020-10-07,"15 to 39",2,1
2020-10-07,"40 to 59",2,1
2020-10-07,"60+",5,1
2020-10-08,"Under 15",1,1
2020-10-08,"15 to 39",2,1
2020-10-08,"40 to 59",0,NA
2020-10-08,"60+",0,NA
2020-10-09,"Under 15",1,1
2020-10-09,"15 to 39",1,1
2020-10-09,"40 to 59",0,NA
2020-10-09,"60+",0,NA
2020-10-10,"Under 15",1,1
2020-10-10,"15 to 39",1,1
2020-10-10,"40 to 59",3,1
2020-10-10,"60+",0,NA
2020-10-11,"Under 15",0,NA
2020-10-11,"15 to 39",0,NA
2020-10-11,"40 to 59",0,NA
2020-10-11,"60+",3,1
2020-10-12,"Under 15",1,1
2020-10-12,"15 to 39",1,1
2020-10-12,"40 to 59",0,NA
2020-10-12,"60+",1,1
2020-10-13,"Under 15",0,NA
2020-10-13,"15 to 39",2,1
2020-10-13,"40 to 59",2,1
2020-10-13,"60+",0,NA
2020-10-14,"Under 15",0,NA
2020-10-14,"15 to 39",2,1
2020-10-14,"40 to 59",3,1
2020-10-14,"60+",3,1
2020-10-15,"Under 15",0,NA
2020-10-15,"15 to 39",1,1
2020-10-15,"40 to 59",1,1
2020-10-15,"60+",0,NA
2020-10-16,"Under 15",0,NA
2020-10-16,"15 to 39",2,1
2020-10-16,"40 to 59",1,1
2020-10-16,"60+",0,NA
2020-10-17,"Under 15",0,NA
2020-10-17,"15 to 39",1,1
2020-10-17,"40 to 59",0,NA
2020-10-17,"60+",1,1
2020-10-18,"Under 15",0,NA
2020-10-18,"15 to 39",3,1
2020-10-18,"40 to 59",2,1
2020-10-18,"60+",1,1
2020-10-19,"Under 15",0,NA
2020-10-19,"15 to 39",0,NA
2020-10-19,"40 to 59",2,1
2020-10-19,"60+",1,1
2020-10-20,"Under 15",0,NA
2020-10-20,"15 to 39",2,1
2020-10-20,"40 to 59",0,NA
2020-10-20,"60+",2,1
2020-10-21,"Under 15",0,NA
2020-10-21,"15 to 39",1,1
2020-10-21,"40 to 59",2,1
2020-10-21,"60+",1,1
2020-10-22,"Under 15",0,NA
2020-10-22,"15 to 39",1,1
2020-10-22,"40 to 59",1,1
2020-10-22,"60+",0,NA
2020-10-23,"Under 15",0,NA
2020-10-23,"15 to 39",2,1
2020-10-23,"40 to 59",1,1
2020-10-23,"60+",4,1
2020-10-24,"Under 15",2,1
2020-10-24,"15 to 39",0,NA
2020-10-24,"40 to 59",1,1
2020-10-24,"60+",3,1
2020-10-25,"Under 15",2,1
2020-10-25,"15 to 39",3,1
2020-10-25,"40 to 59",0,NA
2020-10-25,"60+",0,NA
2020-10-26,"Under 15",1,1
2020-10-26,"15 to 39",2,1
2020-10-26,"40 to 59",1,1
2020-10-26,"60+",1,1
2020-10-27,"Under 15",0,NA
2020-10-27,"15 to 39",2,1
2020-10-27,"40 to 59",1,1
2020-10-27,"60+",8,1
2020-10-28,"Under 15",1,1
2020-10-28,"15 to 39",1,1
2020-10-28,"40 to 59",1,1
2020-10-28,"60+",1,1
2020-10-29,"Under 15",3,1
2020-10-29,"15 to 39",1,1
2020-10-29,"40 to 59",1,1
2020-10-29,"60+",1,1
2020-10-30,"Under 15",0,NA
2020-10-30,"15 to 39",1,1
2020-10-30,"40 to 59",4,1
2020-10-30,"60+",2,1
2020-10-31,"Under 15",1,1
2020-10-31,"15 to 39",0,NA
2020-10-31,"40 to 59",2,1
2020-10-31,"60+",5,1
2020-11-01,"Under 15",2,1
2020-11-01,"15 to 39",2,1
2020-11-01,"40 to 59",1,1
2020-11-01,"60+",0,NA
2020-11-02,"Under 15",0,NA
2020-11-02,"15 to 39",0,NA
2020-11-02,"40 to 59",2,1
2020-11-02,"60+",2,1
2020-11-03,"Under 15",0,NA
2020-11-03,"15 to 39",2,1
2020-11-03,"40 to 59",0,NA
2020-11-03,"60+",4,1
2020-11-04,"Under 15",0,NA
2020-11-04,"15 to 39",3,1
2020-11-04,"40 to 59",1,1
2020-11-04,"60+",2,1
2020-11-05,"Under 15",1,1
2020-11-05,"15 to 39",1,1
2020-11-05,"40 to 59",2,1
2020-11-05,"60+",1,1
2020-11-06,"Under 15",0,NA
2020-11-06,"15 to 39",2,1
2020-11-06,"40 to 59",0,NA
2020-11-06,"60+",2,1
2020-11-07,"Under 15",0,NA
2020-11-07,"15 to 39",2,1
2020-11-07,"40 to 59",2,1
2020-11-07,"60+",2,1
2020-11-08,"Under 15",1,1
2020-11-08,"15 to 39",1,1
2020-11-08,"40 to 59",1,1
2020-11-08,"60+",1,1
2020-11-09,"Under 15",1,1
2020-11-09,"15 to 39",0,NA
2020-11-09,"40 to 59",1,1
2020-11-09,"60+",4,1
2020-11-10,"Under 15",0,NA
2020-11-10,"15 to 39",2,1
2020-11-10,"40 to 59",1,1
2020-11-10,"60+",3,1
2020-11-11,"Under 15",0,NA
2020-11-11,"15 to 39",5,1
2020-11-11,"40 to 59",1,1
2020-11-11,"60+",4,1
2020-11-12,"Under 15",0,NA
2020-11-12,"15 to 39",0,NA
2020-11-12,"40 to 59",1,1
2020-11-12,"60+",1,1
2020-11-13,"Under 15",1,1
2020-11-13,"15 to 39",0,NA
2020-11-13,"40 to 59",0,NA
2020-11-13,"60+",1,1
2020-11-14,"Under 15",0,NA
2020-11-14,"15 to 39",1,1
2020-11-14,"40 to 59",0,NA
2020-11-14,"60+",3,1
2020-11-15,"Under 15",0,NA
2020-11-15,"15 to 39",2,1
2020-11-15,"40 to 59",1,1
2020-11-15,"60+",2,1
2020-11-16,"Under 15",0,NA
2020-11-16,"15 to 39",1,1
2020-11-16,"40 to 59",1,1
2020-11-16,"60+",3,1
2020-11-17,"Under 15",0,NA
2020-11-17,"15 to 39",2,1
2020-11-17,"40 to 59",2,1
2020-11-17,"60+",2,1
2020-11-18,"Under 15",2,1
2020-11-18,"15 to 39",4,1
2020-11-18,"40 to 59",2,1
2020-11-18,"60+",1,1
2020-11-19,"Under 15",0,NA
2020-11-19,"15 to 39",0,NA
2020-11-19,"40 to 59",0,NA
2020-11-19,"60+",4,1
2020-11-20,"Under 15",2,1
2020-11-20,"15 to 39",3,1
2020-11-20,"40 to 59",1,1
2020-11-20,"60+",3,1
2020-11-21,"Under 15",1,1
2020-11-21,"15 to 39",0,NA
2020-11-21,"40 to 59",2,1
2020-11-21,"60+",0,NA
2020-11-22,"Under 15",0,NA
2020-11-22,"15 to 39",1,1
2020-11-22,"40 to 59",0,NA
2020-11-22,"60+",6,1
2020-11-23,"Under 15",1,1
2020-11-23,"15 to 39",0,NA
2020-11-23,"40 to 59",2,1
2020-11-23,"60+",1,1
2020-11-24,"Under 15",0,NA
2020-11-24,"15 to 39",2,1
2020-11-24,"40 to 59",1,1
2020-11-24,"60+",1,1
2020-11-25,"Under 15",0,NA
2020-11-25,"15 to 39",2,1
2020-11-25,"40 to 59",3,1
2020-11-25,"60+",6,1
2020-11-26,"Under 15",1,1
2020-11-26,"15 to 39",1,1
2020-11-26,"40 to 59",0,NA
2020-11-26,"60+",4,1
2020-11-27,"Under 15",1,1
2020-11-27,"15 to 39",2,1
2020-11-27,"40 to 59",1,1
2020-11-27,"60+",2,1
2020-11-28,"Under 15",0,NA
2020-11-28,"15 to 39",0,NA
2020-11-28,"40 to 59",3,1
2020-11-28,"60+",2,1
2020-11-29,"Under 15",2,1
2020-11-29,"15 to 39",1,1
2020-11-29,"40 to 59",2,1
2020-11-29,"60+",2,1
2020-11-30,"Under 15",1,1
2020-11-30,"15 to 39",0,NA
2020-11-30,"40 to 59",0,NA
2020-11-30,"60+",1,1
2020-12-01,"Under 15",0,NA
2020-12-01,"15 to 39",2,1
2020-12-01,"40 to 59",1,1
2020-12-01,"60+",4,1
2020-12-02,"Under 15",0,NA
2020-12-02,"15 to 39",1,1
2020-12-02,"40 to 59",2,1
2020-12-02,"60+",2,1
2020-12-03,"Under 15",0,NA
2020-12-03,"15 to 39",2,1
2020-12-03,"40 to 59",2,1
2020-12-03,"60+",2,1
2020-12-04,"Under 15",2,1
2020-12-04,"15 to 39",0,NA
2020-12-04,"40 to 59",2,1
2020-12-04,"60+",0,NA
2020-12-05,"Under 15",0,NA
2020-12-05,"15 to 39",3,1
2020-12-05,"40 to 59",1,1
2020-12-05,"60+",1,1
2020-12-06,"Under 15",1,1
2020-12-06,"15 to 39",0,NA
2020-12-06,"40 to 59",2,1
2020-12-06,"60+",2,1
2020-12-07,"Under 15",1,1
2020-12-07,"15 to 39",2,1
2020-12-07,"40 to 59",1,1
2020-12-07,"60+",3,1
2020-12-08,"Under 15",2,1
2020-12-08,"15 to 39",0,NA
2020-12-08,"40 to 59",0,NA
2020-12-08,"60+",0,NA
2020-12-09,"Under 15",0,NA
2020-12-09,"15 to 39",3,1
2020-12-09,"40 to 59",2,1
2020-12-09,"60+",4,1
2020-12-10,"Under 15",1,1
2020-12-10,"15 to 39",0,NA
2020-12-10,"40 to 59",0,NA
2020-12-10,"60+",2,1
2020-12-11,"Under 15",1,1
2020-12-11,"15 to 39",0,NA
2020-12-11,"40 to 59",1,1
2020-12-11,"60+",1,1
2020-12-12,"Under 15",2,1
2020-12-12,"15 to 39",0,NA
2020-12-12,"40 to 59",2,1
2020-12-12,"60+",3,1
2020-12-13,"Under 15",1,1
2020-12-13,"15 to 39",1,1
2020-12-13,"40 to 59",1,1
2020-12-13,"60+",3,1
2020-12-14,"Under 15",0,NA
2020-12-14,"15 to 39",5,1
2020-12-14,"40 to 59",0,NA
2020-12-14,"60+",0,NA
2020-12-15,"Under 15",0,NA
2020-12-15,"15 to 39",0,NA
2020-12-15,"40 to 59",2,1
2020-12-15,"60+",1,1
2020-12-16,"Under 15",3,1
2020-12-16,"15 to 39",1,1
2020-12-16,"40 to 59",3,1
2020-12-16,"60+",3,1
2020-12-17,"Under 15",1,1
2020-12-17,"15 to 39",1,1
2020-12-17,"40 to 59",3,1
2020-12-17,"60+",0,NA
2020-12-18,"Under 15",1,1
2020-12-18,"15 to 39",1,1
2020-12-18,"40 to 59",0,NA
2020-12-18,"60+",1,1
2020-12-19,"Under 15",1,1
2020-12-19,"15 to 39",1,1
2020-12-19,"40 to 59",1,1
2020-12-19,"60+",2,1
2020-12-20,"Under 15",1,1
2020-12-20,"15 to 39",3,1
2020-12-20,"40 to 59",2,1
2020-12-20,"60+",2,1
2020-12-21,"Under 15",1,1
2020-12-21,"15 to 39",0,NA
2020-12-21,"40 to 59",1,1
2020-12-21,"60+",1,1
2020-12-22,"Under 15",1,1
2020-12-22,"15 to 39",2,1
2020-12-22,"40 to 59",2,1
2020-12-22,"60+",0,NA
2020-12-23,"Under 15",1,1
2020-12-23,"15 to 39",0,NA
2020-12-23,"40 to 59",0,NA
2020-12-23,"60+",4,1
2020-12-24,"Under 15",0,NA
2020-12-24,"15 to 39",2,1
2020-12-24,"40 to 59",0,NA
2020-12-24,"60+",5,1
2020-12-25,"Under 15",1,1
2020-12-25,"15 to 39",1,1
2020-12-25,"40 to 59",0,NA
2020-12-25,"60+",3,1
2020-12-26,"Under 15",0,NA
2020-12-26,"15 to 39",1,1
2020-12-26,"40 to 59",2,1
2020-12-26,"60+",2,1
2020-12-27,"Under 15",0,NA
2020-12-27,"15 to 39",1,1
2020-12-27,"40 to 59",3,1
2020-12-27,"60+",1,1
2020-12-28,"Under 15",1,1
2020-12-28,"15 to 39",2,1
2020-12-28,"40 to 59",0,NA
2020-12-28,"60+",3,1
2020-12-29,"Under 15",0,NA
2020-12-29,"15 to 39",1,1
2020-12-29,"40 to 59",3,1
2020-12-29,"60+",4,1
2020-12-30,"Under 15",0,NA
2020-12-30,"15 to 39",1,1
2020-12-30,"40 to 59",2,1
2020-12-30,"60+",0,NA
2020-12-31,"Under 15",0,NA
2020-12-31,"15 to 39",1,1
2020-12-31,"40 to 59",2,1
2020-12-31,"60+",0,NA
2021-01-01,"Under 15",2,1
2021-01-01,"15 to 39",4,1
2021-01-01,"40 to 59",2,1
2021-01-01,"60+",5,1
2021-01-02,"Under 15",1,1
2021-01-02,"15 to 39",1,1
2021-01-02,"40 to 59",4,1
2021-01-02,"60+",3,1
2021-01-03,"Under 15",2,1
2021-01-03,"15 to 39",3,1
2021-01-03,"40 to 59",2,1
2021-01-03,"60+",2,1
2021-01-04,"Under 15",1,1
2021-01-04,"15 to 39",1,1
2021-01-04,"40 to 59",2,1
2021-01-04,"60+",2,1
2021-01-05,"Under 15",1,1
2021-01-05,"15 to 39",2,1
2021-01-05,"40 to 59",2,1
2021-01-05,"60+",3,1
2021-01-06,"Under 15",0,NA
2021-01-06,"15 to 39",1,1
2021-01-06,"40 to 59",2,1
2021-01-06,"60+",2,1
2021-01-07,"Under 15",0,NA
2021-01-07,"15 to 39",1,1
2021-01-07,"40 to 59",0,NA
2021-01-07,"60+",3,1
2021-01-08,"Under 15",0,NA
2021-01-08,"15 to 39",1,1
2021-01-08,"40 to 59",1,1
2021-01-08,"60+",3,1
2021-01-09,"Under 15",1,1
2021-01-09,"15 to 39",1,1
2021-01-09,"40 to 59",0,NA
2021-01-09,"60+",0,NA
2021-01-10,"Under 15",1,1
2021-01-10,"15 to 39",2,1
2021-01-10,"40 to 59",5,1
2021-01-10,"60+",0,NA
2021-01-11,"Under 15",0,NA
2021-01-11,"15 to 39",0,NA
2021-01-11,"40 to 59",1,1
2021-01-11,"60+",0,NA
2021-01-12,"Under 15",0,NA
2021-01-12,"15 to 39",2,1
2021-01-12,"40 to 59",2,1
2021-01-12,"60+",0,NA
2021-01-13,"Under 15",1,1
2021-01-13,"15 to 39",0,NA
2021-01-13,"40 to 59",1,1
2021-01-13,"60+",0,NA
2021-01-14,"Under 15",0,NA
2021-01-14,"15 to 39",0,NA
2021-01-14,"40 to 59",1,1
2021-01-14,"60+",2,1
2021-01-15,"Under 15",1,1
2021-01-15,"15 to 39",4,1
2021-01-15,"40 to 59",1,1
2021-01-15,"60+",2,1
2021-01-16,"Under 15",0,NA
2021-01-16,"15 to 39",2,1
2021-01-16,"40 to 59",2,1
2021-01-16,"60+",3,1
2021-01-17,"Under 15",0,NA
2021-01-17,"15 to 39",2,1
2021-01-17,"40 to 59",1,1
2021-01-17,"60+",0,NA
2021-01-18,"Under 15",0,NA
2021-01-18,"15 to 39",1,1
2021-01-18,"40 to 59",2,1
2021-01-18,"60+",3,1
2021-01-19,"Under 15",0,NA
2021-01-19,"15 to 39",1,1
2021-01-19,"40 to 59",1,1
2021-01-19,"60+",4,1
2021-01-20,"Under 15",0,NA
2021-01-20,"15 to 39",2,1
2021-01-20,"40 to 59",1,1
2021-01-20,"60+",3,1
2021-01-21,"Under 15",0,NA
2021-01-21,"15 to 39",3,1
2021-01-21,"40 to 59",3,1
2021-01-21,"60+",7,1
2021-01-22,"Under 15",1,1
2021-01-22,"15 to 39",4,1
2021-01-22,"40 to 59",2,1
2021-01-22,"60+",2,1
2021-01-23,"Under 15",0,NA
2021-01-23,"15 to 39",1,1
2021-01-23,"40 to 59",1,1
2021-01-23,"60+",5,1
2021-01-24,"Under 15",1,1
2021-01-24,"15 to 39",2,1
2021-01-24,"40 to 59",3,1
2021-01-24,"60+",2,1
2021-01-25,"Under 15",0,NA
2021-01-25,"15 to 39",1,1
2021-01-25,"40 to 59",2,1
2021-01-25,"60+",5,1
2021-01-26,"Under 15",1,1
2021-01-26,"15 to 39",1,1
2021-01-26,"40 to 59",3,1
2021-01-26,"60+",0,NA
2021-01-27,"Under 15",0,NA
2021-01-27,"15 to 39",0,NA
2021-01-27,"40 to 59",2,1
2021-01-27,"60+",3,1
2021-01-28,"Under 15",0,NA
2021-01-28,"15 to 39",2,1
2021-01-28,"40 to 59",1,1
2021-01-28,"60+",1,1
2021-01-29,"Under 15",1,1
2021-01-29,"15 to 39",2,1
2021-01-29,"40 to 59",2,1
2021-01-29,"60+",6,1
2021-01-30,"Under 15",0,NA
2021-01-30,"15 to 39",1,1
2021-01-30,"40 to 59",0,NA
2021-01-30,"60+",5,1
2021-01-31,"Under 15",1,1
2021-01-31,"15 to 39",2,1
2021-01-31,"40 to 59",0,NA
2021-01-31,"60+",3,1
2021-02-01,"Under 15",0,NA
2021-02-01,"15 to 39",1,1
2021-02-01,"40 to 59",3,1
2021-02-01,"60+",2,1
2021-02-02,"Under 15",0,NA
2021-02-02,"15 to 39",2,1
2021-02-02,"40 to 59",1,1
2021-02-02,"60+",0,NA
2021-02-03,"Under 15",1,1
2021-02-03,"15 to 39",3,1
2021-02-03,"40 to 59",0,NA
2021-02-03,"60+",2,1
2021-02-04,"Under 15",1,1
2021-02-04,"15 to 39",1,1
2021-02-04,"40 to 59",2,1
2021-02-04,"60+",4,1
2021-02-05,"Under 15",0,NA
2021-02-05,"15 to 39",1,1
2021-02-05,"40 to 59",3,1
2021-02-05,"60+",5,1
2021-02-06,"Under 15",0,NA
2021-02-06,"15 to 39",0,NA
2021-02-06,"40 to 59",0,NA
2021-02-06,"60+",2,1
2021-02-07,"Under 15",0,NA
2021-02-07,"15 to 39",3,1
2021-02-07,"40 to 59",1,1
2021-02-07,"60+",5,1
2021-02-08,"Under 15",0,NA
2021-02-08,"15 to 39",2,1
2021-02-08,"40 to 59",3,1
2021-02-08,"60+",3,1
2021-02-09,"Under 15",0,NA
2021-02-09,"15 to 39",3,1
2021-02-09,"40 to 59",0,NA
2021-02-09,"60+",0,NA
2021-02-10,"Under 15",0,NA
2021-02-10,"15 to 39",1,1
2021-02-10,"40 to 59",3,1
2021-02-10,"60+",2,1
2021-02-11,"Under 15",0,NA
2021-02-11,"15 to 39",1,1
2021-02-11,"40 to 59",2,1
2021-02-11,"60+",3,1
2021-02-12,"Under 15",0,NA
2021-02-12,"15 to 39",0,NA
2021-02-12,"40 to 59",0,NA
2021-02-12,"60+",3,1
2021-02-13,"Under 15",0,NA
2021-02-13,"15 to 39",4,1
2021-02-13,"40 to 59",3,1
2021-02-13,"60+",5,1
2021-02-14,"Under 15",0,NA
2021-02-14,"15 to 39",4,1
2021-02-14,"40 to 59",0,NA
2021-02-14,"60+",1,1
2021-02-15,"Under 15",0,NA
2021-02-15,"15 to 39",0,NA
2021-02-15,"40 to 59",3,1
2021-02-15,"60+",6,1
2021-02-16,"Under 15",0,NA
2021-02-16,"15 to 39",2,1
2021-02-16,"40 to 59",0,NA
2021-02-16,"60+",1,1
2021-02-17,"Under 15",1,1
2021-02-17,"15 to 39",2,1
2021-02-17,"40 to 59",0,NA
2021-02-17,"60+",4,1
2021-02-18,"Under 15",1,1
2021-02-18,"15 to 39",1,1
2021-02-18,"40 to 59",1,1
2021-02-18,"60+",4,1
2021-02-19,"Under 15",1,1
2021-02-19,"15 to 39",1,1
2021-02-19,"40 to 59",2,1
2021-02-19,"60+",4,1
2021-02-20,"Under 15",0,NA
2021-02-20,"15 to 39",0,NA
2021-02-20,"40 to 59",4,1
2021-02-20,"60+",3,1
2021-02-21,"Under 15",1,1
2021-02-21,"15 to 39",1,1
2021-02-21,"40 to 59",2,1
2021-02-21,"60+",5,1
2021-02-22,"Under 15",0,NA
2021-02-22,"15 to 39",2,1
2021-02-22,"40 to 59",1,1
2021-02-22,"60+",3,1
2021-02-23,"Under 15",0,NA
2021-02-23,"15 to 39",2,1
2021-02-23,"40 to 59",0,NA
2021-02-23,"60+",3,1
2021-02-24,"Under 15",0,NA
2021-02-24,"15 to 39",3,1
2021-02-24,"40 to 59",1,1
2021-02-24,"60+",1,1
2021-02-25,"Under 15",1,1
2021-02-25,"15 to 39",0,NA
2021-02-25,"40 to 59",2,1
2021-02-25,"60+",1,1
2021-02-26,"Under 15",1,1
2021-02-26,"15 to 39",0,NA
2021-02-26,"40 to 59",1,1
2021-02-26,"60+",3,1
2021-02-27,"Under 15",0,NA
2021-02-27,"15 to 39",0,NA
2021-02-27,"40 to 59",3,1
2021-02-27,"60+",3,1
2021-02-28,"Under 15",1,1
2021-02-28,"15 to 39",1,1
2021-02-28,"40 to 59",1,1
2021-02-28,"60+",0,NA
2021-03-01,"Under 15",0,NA
2021-03-01,"15 to 39",0,NA
2021-03-01,"40 to 59",1,1
2021-03-01,"60+",1,1
2021-03-02,"Under 15",3,1
2021-03-02,"15 to 39",0,NA
2021-03-02,"40 to 59",3,1
2021-03-02,"60+",2,1
2021-03-03,"Under 15",1,1
2021-03-03,"15 to 39",3,1
2021-03-03,"40 to 59",0,NA
2021-03-03,"60+",4,1
2021-03-04,"Under 15",0,NA
2021-03-04,"15 to 39",0,NA
2021-03-04,"40 to 59",3,1
2021-03-04,"60+",3,1
2021-03-05,"Under 15",0,NA
2021-03-05,"15 to 39",1,1
2021-03-05,"40 to 59",1,1
2021-03-05,"60+",1,1
2021-03-06,"Under 15",0,NA
2021-03-06,"15 to 39",3,1
2021-03-06,"40 to 59",2,1
2021-03-06,"60+",2,1
2021-03-07,"Under 15",0,NA
2021-03-07,"15 to 39",3,1
2021-03-07,"40 to 59",2,1
2021-03-07,"60+",3,1
2021-03-08,"Under 15",1,1
2021-03-08,"15 to 39",0,NA
2021-03-08,"40 to 59",1,1
2021-03-08,"60+",1,1
2021-03-09,"Under 15",1,1
2021-03-09,"15 to 39",1,1
2021-03-09,"40 to 59",1,1
2021-03-09,"60+",1,1
2021-03-10,"Under 15",0,NA
2021-03-10,"15 to 39",2,1
2021-03-10,"40 to 59",1,1
2021-03-10,"60+",5,1
2021-03-11,"Under 15",1,1
2021-03-11,"15 to 39",0,NA
2021-03-11,"40 to 59",0,NA
2021-03-11,"60+",1,1
2021-03-12,"Under 15",0,NA
2021-03-12,"15 to 39",1,1
2021-03-12,"40 to 59",1,1
2021-03-12,"60+",3,1
2021-03-13,"Under 15",1,1
2021-03-13,"15 to 39",1,1
2021-03-13,"40 to 59",0,NA
2021-03-13,"60+",1,1
2021-03-14,"Under 15",0,NA
2021-03-14,"15 to 39",1,1
2021-03-14,"40 to 59",0,NA
2021-03-14,"60+",4,1
2021-03-15,"Under 15",0,NA
2021-03-15,"15 to 39",2,1
2021-03-15,"40 to 59",3,1
2021-03-15,"60+",0,NA
2021-03-16,"Under 15",0,NA
2021-03-16,"15 to 39",1,1
2021-03-16,"40 to 59",2,1
2021-03-16,"60+",0,NA
2021-03-17,"Under 15",0,NA
2021-03-17,"15 to 39",1,1
2021-03-17,"40 to 59",1,1
2021-03-17,"60+",1,1
2021-03-18,"Under 15",0,NA
2021-03-18,"15 to 39",3,1
2021-03-18,"40 to 59",2,1
2021-03-18,"60+",4,1
2021-03-19,"Under 15",0,NA
2021-03-19,"15 to 39",0,NA
2021-03-19,"40 to 59",1,1
2021-03-19,"60+",2,1
2021-03-20,"Under 15",1,1
2021-03-20,"15 to 39",1,1
2021-03-20,"40 to 59",0,NA
2021-03-20,"60+",0,NA
2021-03-21,"Under 15",0,NA
2021-03-21,"15 to 39",0,NA
2021-03-21,"40 to 59",0,NA
2021-03-21,"60+",3,1
2021-03-22,"Under 15",0,NA
2021-03-22,"15 to 39",1,1
2021-03-22,"40 to 59",1,1
2021-03-22,"60+",1,1
2021-03-23,"Under 15",0,NA
2021-03-23,"15 to 39",0,NA
2021-03-23,"40 to 59",2,1
2021-03-23,"60+",3,1
2021-03-24,"Under 15",1,1
2021-03-24,"15 to 39",2,1
2021-03-24,"40 to 59",1,1
2021-03-24,"60+",4,1
2021-03-25,"Under 15",0,NA
2021-03-25,"15 to 39",0,NA
2021-03-25,"40 to 59",1,1
2021-03-25,"60+",1,1
2021-03-26,"Under 15",0,NA
2021-03-26,"15 to 39",0,NA
2021-03-26,"40 to 59",1,1
2021-03-26,"60+",1,1
2021-03-27,"Under 15",0,NA
2021-03-27,"15 to 39",2,1
2021-03-27,"40 to 59",1,1
2021-03-27,"60+",0,NA
2021-03-28,"Under 15",0,NA
2021-03-28,"15 to 39",3,1
2021-03-28,"40 to 59",2,1
2021-03-28,"60+",0,NA
2021-03-29,"Under 15",1,1
2021-03-29,"15 to 39",0,NA
2021-03-29,"40 to 59",0,NA
2021-03-29,"60+",1,1
2021-03-30,"Under 15",0,NA
2021-03-30,"15 to 39",0,NA
2021-03-30,"40 to 59",1,1
2021-03-30,"60+",2,1
2021-03-31,"Under 15",2,1
2021-03-31,"15 to 39",3,1
2021-03-31,"40 to 59",1,1
2021-03-31,"60+",3,1
2021-04-01,"Under 15",1,1
2021-04-01,"15 to 39",0,NA
2021-04-01,"40 to 59",0,NA
2021-04-01,"60+",1,1
2021-04-02,"Under 15",1,1
2021-04-02,"15 to 39",0,NA
2021-04-02,"40 to 59",1,1
2021-04-02,"60+",1,1
2021-04-03,"Under 15",1,1
2021-04-03,"15 to 39",1,1
2021-04-03,"40 to 59",0,NA
2021-04-03,"60+",0,NA
2021-04-04,"Under 15",1,1
2021-04-04,"15 to 39",0,NA
2021-04-04,"40 to 59",1,1
2021-04-04,"60+",1,1
2021-04-05,"Under 15",1,1
2021-04-05,"15 to 39",0,NA
2021-04-05,"40 to 59",1,1
2021-04-05,"60+",3,1
2021-04-06,"Under 15",0,NA
2021-04-06,"15 to 39",4,1
2021-04-06,"40 to 59",2,1
2021-04-06,"60+",1,1
2021-04-07,"Under 15",1,1
2021-04-07,"15 to 39",1,1
2021-04-07,"40 to 59",1,1
2021-04-07,"60+",2,1
2021-04-08,"Under 15",1,1
2021-04-08,"15 to 39",2,1
2021-04-08,"40 to 59",1,1
2021-04-08,"60+",3,1
2021-04-09,"Under 15",0,NA
2021-04-09,"15 to 39",0,NA
2021-04-09,"40 to 59",4,1
2021-04-09,"60+",2,1
2021-04-10,"Under 15",0,NA
2021-04-10,"15 to 39",1,1
2021-04-10,"40 to 59",1,1
2021-04-10,"60+",1,1
2021-04-11,"Under 15",1,1
2021-04-11,"15 to 39",3,1
2021-04-11,"40 to 59",0,NA
2021-04-11,"60+",0,NA
2021-04-12,"Under 15",0,NA
2021-04-12,"15 to 39",2,1
2021-04-12,"40 to 59",1,1
2021-04-12,"60+",2,1
2021-04-13,"Under 15",1,1
2021-04-13,"15 to 39",1,1
2021-04-13,"40 to 59",0,NA
2021-04-13,"60+",2,1
2021-04-14,"Under 15",1,1
2021-04-14,"15 to 39",0,NA
2021-04-14,"40 to 59",0,NA
2021-04-14,"60+",1,1
2021-04-15,"Under 15",0,NA
2021-04-15,"15 to 39",0,NA
2021-04-15,"40 to 59",0,NA
2021-04-15,"60+",3,1
2021-04-16,"Under 15",1,1
2021-04-16,"15 to 39",1,1
2021-04-16,"40 to 59",0,NA
2021-04-16,"60+",2,1
2021-04-17,"Under 15",1,1
2021-04-17,"15 to 39",0,NA
2021-04-17,"40 to 59",1,1
2021-04-17,"60+",1,1
2021-04-18,"Under 15",0,NA
2021-04-18,"15 to 39",1,1
2021-04-18,"40 to 59",2,1
2021-04-18,"60+",1,1
2021-04-19,"Under 15",0,NA
2021-04-19,"15 to 39",0,NA
2021-04-19,"40 to 59",1,1
2021-04-19,"60+",1,1
2021-04-20,"Under 15",0,NA
2021-04-20,"15 to 39",2,1
2021-04-20,"40 to 59",1,1
2021-04-20,"60+",5,1
2021-04-21,"Under 15",0,NA
2021-04-21,"15 to 39",1,1
2021-04-21,"40 to 59",0,NA
2021-04-21,"60+",1,1
2021-04-22,"Under 15",1,1
2021-04-22,"15 to 39",3,1
2021-04-22,"40 to 59",0,NA
2021-04-22,"60+",1,1
2021-04-23,"Under 15",0,NA
2021-04-23,"15 to 39",0,NA
2021-04-23,"40 to 59",1,1
2021-04-23,"60+",0,NA
2021-04-24,"Under 15",1,1
2021-04-24,"15 to 39",1,1
2021-04-24,"40 to 59",0,NA
2021-04-24,"60+",0,NA
2021-04-25,"Under 15",2,1
2021-04-25,"15 to 39",1,1
2021-04-25,"40 to 59",1,1
2021-04-25,"60+",2,1
2021-04-26,"Under 15",2,1
2021-04-26,"15 to 39",0,NA
2021-04-26,"40 to 59",1,1
2021-04-26,"60+",2,1
2021-04-27,"Under 15",1,1
2021-04-27,"15 to 39",0,NA
2021-04-27,"40 to 59",2,1
2021-04-27,"60+",2,1
2021-04-28,"Under 15",1,1
2021-04-28,"15 to 39",2,1
2021-04-28,"40 to 59",1,1
2021-04-28,"60+",1,1
2021-04-29,"Under 15",0,NA
2021-04-29,"15 to 39",3,1
2021-04-29,"40 to 59",4,1
2021-04-29,"60+",2,1
2021-04-30,"Under 15",3,1
2021-04-30,"15 to 39",0,NA
2021-04-30,"40 to 59",1,1
2021-04-30,"60+",3,1
2021-05-01,"Under 15",1,1
2021-05-01,"15 to 39",1,1
2021-05-01,"40 to 59",0,NA
2021-05-01,"60+",1,1
2021-05-02,"Under 15",0,NA
2021-05-02,"15 to 39",1,1
2021-05-02,"40 to 59",0,NA
2021-05-02,"60+",2,1
2021-05-03,"Under 15",1,1
2021-05-03,"15 to 39",1,1
2021-05-03,"40 to 59",0,NA
2021-05-03,"60+",1,1
2021-05-04,"Under 15",0,NA
2021-05-04,"15 to 39",0,NA
2021-05-04,"40 to 59",1,1
2021-05-04,"60+",1,1
2021-05-05,"Under 15",2,1
2021-05-05,"15 to 39",1,1
2021-05-05,"40 to 59",1,1
2021-05-05,"60+",1,1
2021-05-06,"Under 15",1,1
2021-05-06,"15 to 39",2,1
2021-05-06,"40 to 59",0,NA
2021-05-06,"60+",1,1
2021-05-07,"Under 15",0,NA
2021-05-07,"15 to 39",2,1
2021-05-07,"40 to 59",0,NA
2021-05-07,"60+",3,1
2021-05-08,"Under 15",0,NA
2021-05-08,"15 to 39",1,1
2021-05-08,"40 to 59",1,1
2021-05-08,"60+",1,1
2021-05-09,"Under 15",0,NA
2021-05-09,"15 to 39",1,1
2021-05-09,"40 to 59",1,1
2021-05-09,"60+",2,1
2021-05-10,"Under 15",0,NA
2021-05-10,"15 to 39",0,NA
2021-05-10,"40 to 59",2,1
2021-05-10,"60+",2,1
2021-05-11,"Under 15",0,NA
2021-05-11,"15 to 39",2,1
2021-05-11,"40 to 59",1,1
2021-05-11,"60+",4,1
2021-05-12,"Under 15",0,NA
2021-05-12,"15 to 39",1,1
2021-05-12,"40 to 59",3,1
2021-05-12,"60+",2,1
2021-05-13,"Under 15",0,NA
2021-05-13,"15 to 39",3,1
2021-05-13,"40 to 59",3,1
2021-05-13,"60+",4,1
2021-05-14,"Under 15",1,1
2021-05-14,"15 to 39",0,NA
2021-05-14,"40 to 59",2,1
2021-05-14,"60+",2,1
2021-05-15,"Under 15",1,1
2021-05-15,"15 to 39",1,1
2021-05-15,"40 to 59",2,1
2021-05-15,"60+",3,1
2021-05-16,"Under 15",0,NA
2021-05-16,"15 to 39",3,1
2021-05-16,"40 to 59",0,NA
2021-05-16,"60+",2,1
2021-05-17,"Under 15",1,1
2021-05-17,"15 to 39",2,1
2021-05-17,"40 to 59",1,1
2021-05-17,"60+",0,NA
2021-05-18,"Under 15",1,1
2021-05-18,"15 to 39",2,1
2021-05-18,"40 to 59",1,1
2021-05-18,"60+",2,1
2021-05-19,"Under 15",0,NA
2021-05-19,"15 to 39",1,1
2021-05-19,"40 to 59",1,1
2021-05-19,"60+",1,1
2021-05-20,"Under 15",0,NA
2021-05-20,"15 to 39",1,1
2021-05-20,"40 to 59",1,1
2021-05-20,"60+",1,1
2021-05-21,"Under 15",0,NA
2021-05-21,"15 to 39",0,NA
2021-05-21,"40 to 59",0,NA
2021-05-21,"60+",2,1
2021-05-22,"Under 15",0,NA
2021-05-22,"15 to 39",1,1
2021-05-22,"40 to 59",2,1
2021-05-22,"60+",2,1
2021-05-23,"Under 15",3,1
2021-05-23,"15 to 39",2,1
2021-05-23,"40 to 59",1,1
2021-05-23,"60+",0,NA
2021-05-24,"Under 15",0,NA
2021-05-24,"15 to 39",0,NA
2021-05-24,"40 to 59",2,1
2021-05-24,"60+",1,1
2021-05-25,"Under 15",1,1
2021-05-25,"15 to 39",1,1
2021-05-25,"40 to 59",1,1
2021-05-25,"60+",2,1
2021-05-26,"Under 15",0,NA
2021-05-26,"15 to 39",2,1
2021-05-26,"40 to 59",1,1
2021-05-26,"60+",2,1
2021-05-27,"Under 15",0,NA
2021-05-27,"15 to 39",1,1
2021-05-27,"40 to 59",0,NA
2021-05-27,"60+",3,1
2021-05-28,"Under 15",0,NA
2021-05-28,"15 to 39",2,1
2021-05-28,"40 to 59",1,1
2021-05-28,"60+",2,1
2021-05-29,"Under 15",1,1
2021-05-29,"15 to 39",1,1
2021-05-29,"40 to 59",4,1
2021-05-29,"60+",2,1
2021-05-30,"Under 15",0,NA
2021-05-30,"15 to 39",0,NA
2021-05-30,"40 to 59",1,1
2021-05-30,"60+",6,1
2021-05-31,"Under 15",0,NA
2021-05-31,"15 to 39",0,NA
2021-05-31,"40 to 59",2,1
2021-05-31,"60+",0,NA
2021-06-01,"Under 15",1,1
2021-06-01,"15 to 39",3,1
2021-06-01,"40 to 59",3,1
2021-06-01,"60+",6,1
2021-06-02,"Under 15",0,NA
2021-06-02,"15 to 39",2,1
2021-06-02,"40 to 59",2,1
2021-06-02,"60+",3,1
2021-06-03,"Under 15",0,NA
2021-06-03,"15 to 39",2,1
2021-06-03,"40 to 59",0,NA
2021-06-03,"60+",2,1
2021-06-04,"Under 15",0,NA
2021-06-04,"15 to 39",3,1
2021-06-04,"40 to 59",1,1
2021-06-04,"60+",1,1
2021-06-05,"Under 15",3,1
2021-06-05,"15 to 39",0,NA
2021-06-05,"40 to 59",1,1
2021-06-05,"60+",1,1
2021-06-06,"Under 15",0,NA
2021-06-06,"15 to 39",4,1
2021-06-06,"40 to 59",2,1
2021-06-06,"60+",1,1
2021-06-07,"Under 15",1,1
2021-06-07,"15 to 39",0,NA
2021-06-07,"40 to 59",0,NA
2021-06-07,"60+",2,1
2021-06-08,"Under 15",0,NA
2021-06-08,"15 to 39",3,1
2021-06-08,"40 to 59",1,1
2021-06-08,"60+",1,1
2021-06-09,"Under 15",2,1
2021-06-09,"15 to 39",2,1
2021-06-09,"40 to 59",4,1
2021-06-09,"60+",2,1
2021-06-10,"Under 15",1,1
2021-06-10,"15 to 39",2,1
2021-06-10,"40 to 59",1,1
2021-06-10,"60+",3,1
2021-06-11,"Under 15",1,1
2021-06-11,"15 to 39",4,1
2021-06-11,"40 to 59",0,NA
2021-06-11,"60+",2,1
2021-06-12,"Under 15",0,NA
2021-06-12,"15 to 39",1,1
2021-06-12,"40 to 59",0,NA
2021-06-12,"60+",3,1
2021-06-13,"Under 15",0,NA
2021-06-13,"15 to 39",0,NA
2021-06-13,"40 to 59",3,1
2021-06-13,"60+",3,1
2021-06-14,"Under 15",0,NA
2021-06-14,"15 to 39",3,1
2021-06-14,"40 to 59",2,1
2021-06-14,"60+",6,1
2021-06-15,"Under 15",0,NA
2021-06-15,"15 to 39",0,NA
2021-06-15,"40 to 59",1,1
2021-06-15,"60+",3,1
2021-06-16,"Under 15",0,NA
2021-06-16,"15 to 39",1,1
2021-06-16,"40 to 59",6,1
2021-06-16,"60+",5,1
2021-06-17,"Under 15",0,NA
2021-06-17,"15 to 39",3,1
2021-06-17,"40 to 59",2,1
2021-06-17,"60+",4,1
2021-06-18,"Under 15",0,NA
2021-06-18,"15 to 39",1,1
2021-06-18,"40 to 59",1,1
2021-06-18,"60+",4,1
2021-06-19,"Under 15",0,NA
2021-06-19,"15 to 39",0,NA
2021-06-19,"40 to 59",3,1
2021-06-19,"60+",7,1
2021-06-20,"Under 15",0,NA
2021-06-20,"15 to 39",1,1
2021-06-20,"40 to 59",4,1
2021-06-20,"60+",7,1
2021-06-21,"Under 15",0,NA
2021-06-21,"15 to 39",2,1
2021-06-21,"40 to 59",1,1
2021-06-21,"60+",3,1
2021-06-22,"Under 15",0,NA
2021-06-22,"15 to 39",1,1
2021-06-22,"40 to 59",2,1
2021-06-22,"60+",8,1
2021-06-23,"Under 15",1,1
2021-06-23,"15 to 39",1,1
2021-06-23,"40 to 59",4,1
2021-06-23,"60+",7,1
2021-06-24,"Under 15",0,NA
2021-06-24,"15 to 39",0,NA
2021-06-24,"40 to 59",0,NA
2021-06-24,"60+",3,1
2021-06-25,"Under 15",0,NA
2021-06-25,"15 to 39",0,NA
2021-06-25,"40 to 59",1,1
2021-06-25,"60+",4,1
2021-06-26,"Under 15",0,NA
2021-06-26,"15 to 39",2,1
2021-06-26,"40 to 59",3,1
2021-06-26,"60+",4,1
2021-06-27,"Under 15",0,NA
2021-06-27,"15 to 39",3,1
2021-06-27,"40 to 59",3,1
2021-06-27,"60+",6,1
2021-06-28,"Under 15",0,NA
2021-06-28,"15 to 39",4,1
2021-06-28,"40 to 59",4,1
2021-06-28,"60+",11,1
2021-06-29,"Under 15",2,1
2021-06-29,"15 to 39",2,1
2021-06-29,"40 to 59",4,1
2021-06-29,"60+",5,1
2021-06-30,"Under 15",1,1
2021-06-30,"15 to 39",3,1
2021-06-30,"40 to 59",2,1
2021-06-30,"60+",7,1
2021-07-01,"Under 15",0,NA
2021-07-01,"15 to 39",2,1
2021-07-01,"40 to 59",5,1
2021-07-01,"60+",5,1
2021-07-02,"Under 15",1,1
2021-07-02,"15 to 39",5,1
2021-07-02,"40 to 59",3,1
2021-07-02,"60+",5,1
2021-07-03,"Under 15",0,NA
2021-07-03,"15 to 39",0,NA
2021-07-03,"40 to 59",1,1
2021-07-03,"60+",10,1
2021-07-04,"Under 15",0,NA
2021-07-04,"15 to 39",3,1
2021-07-04,"40 to 59",3,1
2021-07-04,"60+",10,1
2021-07-05,"Under 15",0,NA
2021-07-05,"15 to 39",1,1
2021-07-05,"40 to 59",5,1
2021-07-05,"60+",2,1
2021-07-06,"Under 15",0,NA
2021-07-06,"15 to 39",3,1
2021-07-06,"40 to 59",3,1
2021-07-06,"60+",12,1
2021-07-07,"Under 15",0,NA
2021-07-07,"15 to 39",2,1
2021-07-07,"40 to 59",1,1
2021-07-07,"60+",6,1
2021-07-08,"Under 15",1,1
2021-07-08,"15 to 39",1,1
2021-07-08,"40 to 59",2,1
2021-07-08,"60+",5,1
2021-07-09,"Under 15",0,NA
2021-07-09,"15 to 39",2,1
2021-07-09,"40 to 59",2,1
2021-07-09,"60+",4,1
2021-07-10,"Under 15",1,1
2021-07-10,"15 to 39",5,1
2021-07-10,"40 to 59",3,1
2021-07-10,"60+",5,1
2021-07-11,"Under 15",0,NA
2021-07-11,"15 to 39",1,1
2021-07-11,"40 to 59",0,NA
2021-07-11,"60+",4,1
2021-07-12,"Under 15",0,NA
2021-07-12,"15 to 39",1,1
2021-07-12,"40 to 59",0,NA
2021-07-12,"60+",7,1
2021-07-13,"Under 15",0,NA
2021-07-13,"15 to 39",2,1
2021-07-13,"40 to 59",0,NA
2021-07-13,"60+",9,1
2021-07-14,"Under 15",0,NA
2021-07-14,"15 to 39",2,1
2021-07-14,"40 to 59",2,1
2021-07-14,"60+",4,1
2021-07-15,"Under 15",0,NA
2021-07-15,"15 to 39",2,1
2021-07-15,"40 to 59",6,1
2021-07-15,"60+",3,1
2021-07-16,"Under 15",0,NA
2021-07-16,"15 to 39",0,NA
2021-07-16,"40 to 59",0,NA
2021-07-16,"60+",6,1
2021-07-17,"Under 15",0,NA
2021-07-17,"15 to 39",2,1
2021-07-17,"40 to 59",2,1
2021-07-17,"60+",3,1
2021-07-18,"Under 15",1,1
2021-07-18,"15 to 39",1,1
2021-07-18,"40 to 59",2,1
2021-07-18,"60+",2,1
2021-07-19,"Under 15",0,NA
2021-07-19,"15 to 39",1,1
2021-07-19,"40 to 59",1,1
2021-07-19,"60+",2,1
2021-07-20,"Under 15",0,NA
2021-07-20,"15 to 39",1,1
2021-07-20,"40 to 59",5,1
2021-07-20,"60+",7,1
2021-07-21,"Under 15",1,1
2021-07-21,"15 to 39",0,NA
2021-07-21,"40 to 59",2,1
2021-07-21,"60+",5,1
2021-07-22,"Under 15",1,1
2021-07-22,"15 to 39",1,1
2021-07-22,"40 to 59",2,1
2021-07-22,"60+",6,1
2021-07-23,"Under 15",0,NA
2021-07-23,"15 to 39",0,NA
2021-07-23,"40 to 59",1,1
2021-07-23,"60+",2,1
2021-07-24,"Under 15",0,NA
2021-07-24,"15 to 39",2,1
2021-07-24,"40 to 59",0,NA
2021-07-24,"60+",2,1
2021-07-25,"Under 15",0,NA
2021-07-25,"15 to 39",1,1
2021-07-25,"40 to 59",2,1
2021-07-25,"60+",4,1
2021-07-26,"Under 15",0,NA
2021-07-26,"15 to 39",1,1
2021-07-26,"40 to 59",2,1
2021-07-26,"60+",6,1
2021-07-27,"Under 15",0,NA
2021-07-27,"15 to 39",4,1
2021-07-27,"40 to 59",8,1
2021-07-27,"60+",7,1
2021-07-28,"Under 15",0,NA
2021-07-28,"15 to 39",3,1
2021-07-28,"40 to 59",6,1
2021-07-28,"60+",8,1
2021-07-29,"Under 15",2,1
2021-07-29,"15 to 39",0,NA
2021-07-29,"40 to 59",1,1
2021-07-29,"60+",2,1
2021-07-30,"Under 15",1,1
2021-07-30,"15 to 39",2,1
2021-07-30,"40 to 59",0,NA
2021-07-30,"60+",5,1
2021-07-31,"Under 15",1,1
2021-07-31,"15 to 39",0,NA
2021-07-31,"40 to 59",0,NA
2021-07-31,"60+",1,1
2021-08-01,"Under 15",0,NA
2021-08-01,"15 to 39",2,1
2021-08-01,"40 to 59",2,1
2021-08-01,"60+",6,1
2021-08-02,"Under 15",1,1
2021-08-02,"15 to 39",1,1
2021-08-02,"40 to 59",3,1
2021-08-02,"60+",0,NA
2021-08-03,"Under 15",0,NA
2021-08-03,"15 to 39",1,1
2021-08-03,"40 to 59",1,1
2021-08-03,"60+",0,NA
2021-08-04,"Under 15",0,NA
2021-08-04,"15 to 39",1,1
2021-08-04,"40 to 59",2,1
2021-08-04,"60+",2,1
2021-08-05,"Under 15",0,NA
2021-08-05,"15 to 39",2,1
2021-08-05,"40 to 59",1,1
2021-08-05,"60+",3,1
2021-08-06,"Under 15",0,NA
2021-08-06,"15 to 39",0,NA
2021-08-06,"40 to 59",4,1
2021-08-06,"60+",2,1
2021-08-07,"Under 15",0,NA
2021-08-07,"15 to 39",1,1
2021-08-07,"40 to 59",3,1
2021-08-07,"60+",0,NA
2021-08-08,"Under 15",0,NA
2021-08-08,"15 to 39",2,1
2021-08-08,"40 to 59",4,1
2021-08-08,"60+",1,1
2021-08-09,"Under 15",0,NA
2021-08-09,"15 to 39",0,NA
2021-08-09,"40 to 59",4,1
2021-08-09,"60+",3,1
2021-08-10,"Under 15",0,NA
2021-08-10,"15 to 39",0,NA
2021-08-10,"40 to 59",3,1
2021-08-10,"60+",1,1
2021-08-11,"Under 15",0,NA
2021-08-11,"15 to 39",1,1
2021-08-11,"40 to 59",0,NA
2021-08-11,"60+",6,1
2021-08-12,"Under 15",0,NA
2021-08-12,"15 to 39",3,1
2021-08-12,"40 to 59",1,1
2021-08-12,"60+",1,1
2021-08-13,"Under 15",0,NA
2021-08-13,"15 to 39",2,1
2021-08-13,"40 to 59",1,1
2021-08-13,"60+",0,NA
2021-08-14,"Under 15",0,NA
2021-08-14,"15 to 39",0,NA
2021-08-14,"40 to 59",2,1
2021-08-14,"60+",1,1
2021-08-15,"Under 15",1,1
2021-08-15,"15 to 39",3,1
2021-08-15,"40 to 59",0,NA
2021-08-15,"60+",3,1
2021-08-16,"Under 15",1,1
2021-08-16,"15 to 39",1,1
2021-08-16,"40 to 59",1,1
2021-08-16,"60+",4,1
2021-08-17,"Under 15",0,NA
2021-08-17,"15 to 39",1,1
2021-08-17,"40 to 59",4,1
2021-08-17,"60+",4,1
2021-08-18,"Under 15",2,1
2021-08-18,"15 to 39",1,1
2021-08-18,"40 to 59",0,NA
2021-08-18,"60+",3,1
2021-08-19,"Under 15",1,1
2021-08-19,"15 to 39",0,NA
2021-08-19,"40 to 59",1,1
2021-08-19,"60+",0,NA
2021-08-20,"Under 15",1,1
2021-08-20,"15 to 39",0,NA
2021-08-20,"40 to 59",3,1
2021-08-20,"60+",2,1
2021-08-21,"Under 15",0,NA
2021-08-21,"15 to 39",0,NA
2021-08-21,"40 to 59",0,NA
2021-08-21,"60+",1,1
2021-08-22,"Under 15",1,1
2021-08-22,"15 to 39",0,NA
2021-08-22,"40 to 59",0,NA
2021-08-22,"60+",3,1
2021-08-23,"Under 15",1,1
2021-08-23,"15 to 39",2,1
2021-08-23,"40 to 59",2,1
2021-08-23,"60+",3,1
2021-08-24,"Under 15",1,1
2021-08-24,"15 to 39",0,NA
2021-08-24,"40 to 59",1,1
2021-08-24,"60+",3,1
2021-08-25,"Under 15",0,NA
2021-08-25,"15 to 39",1,1
2021-08-25,"40 to 59",1,1
2021-08-25,"60+",3,1
2021-08-26,"Under 15",0,NA
2021-08-26,"15 to 39",1,1
2021-08-26,"40 to 59",2,1
2021-08-26,"60+",3,1
2021-08-27,"Under 15",1,1
2021-08-27,"15 to 39",0,NA
2021-08-27,"40 to 59",0,NA
2021-08-27,"60+",4,1
2021-08-28,"Under 15",1,1
2021-08-28,"15 to 39",1,1
2021-08-28,"40 to 59",1,1
2021-08-28,"60+",2,1
2021-08-29,"Under 15",1,1
2021-08-29,"15 to 39",0,NA
2021-08-29,"40 to 59",1,1
2021-08-29,"60+",1,1
2021-08-30,"Under 15",1,1
2021-08-30,"15 to 39",2,1
2021-08-30,"40 to 59",1,1
2021-08-30,"60+",3,1
2021-08-31,"Under 15",0,NA
2021-08-31,"15 to 39",1,1
2021-08-31,"40 to 59",1,1
2021-08-31,"60+",2,1
2021-09-01,"Under 15",0,NA
2021-09-01,"15 to 39",0,NA
2021-09-01,"40 to 59",0,NA
2021-09-01,"60+",2,1
2021-09-02,"Under 15",1,1
2021-09-02,"15 to 39",4,1
2021-09-02,"40 to 59",1,1
2021-09-02,"60+",1,1
2021-09-03,"Under 15",0,NA
2021-09-03,"15 to 39",0,NA
2021-09-03,"40 to 59",3,1
2021-09-03,"60+",2,1
2021-09-04,"Under 15",0,NA
2021-09-04,"15 to 39",1,1
2021-09-04,"40 to 59",2,1
2021-09-04,"60+",2,1
2021-09-05,"Under 15",0,NA
2021-09-05,"15 to 39",2,1
2021-09-05,"40 to 59",1,1
2021-09-05,"60+",2,1
2021-09-06,"Under 15",1,1
2021-09-06,"15 to 39",1,1
2021-09-06,"40 to 59",1,1
2021-09-06,"60+",3,1
2021-09-07,"Under 15",0,NA
2021-09-07,"15 to 39",1,1
2021-09-07,"40 to 59",1,1
2021-09-07,"60+",4,1
2021-09-08,"Under 15",0,NA
2021-09-08,"15 to 39",1,1
2021-09-08,"40 to 59",3,1
2021-09-08,"60+",0,NA
2021-09-09,"Under 15",1,1
2021-09-09,"15 to 39",2,1
2021-09-09,"40 to 59",0,NA
2021-09-09,"60+",2,1
2021-09-10,"Under 15",0,NA
2021-09-10,"15 to 39",2,1
2021-09-10,"40 to 59",6,1
2021-09-10,"60+",1,1
2021-09-11,"Under 15",0,NA
2021-09-11,"15 to 39",2,1
2021-09-11,"40 to 59",2,1
2021-09-11,"60+",0,NA
2021-09-12,"Under 15",0,NA
2021-09-12,"15 to 39",2,1
2021-09-12,"40 to 59",1,1
2021-09-12,"60+",1,1
2021-09-13,"Under 15",0,NA
2021-09-13,"15 to 39",5,1
2021-09-13,"40 to 59",5,1
2021-09-13,"60+",0,NA
2021-09-14,"Under 15",0,NA
2021-09-14,"15 to 39",1,1
2021-09-14,"40 to 59",2,1
2021-09-14,"60+",1,1
2021-09-15,"Under 15",0,NA
2021-09-15,"15 to 39",1,1
2021-09-15,"40 to 59",0,NA
2021-09-15,"60+",2,1
2021-09-16,"Under 15",0,NA
2021-09-16,"15 to 39",0,NA
2021-09-16,"40 to 59",0,NA
2021-09-16,"60+",4,1
2021-09-17,"Under 15",1,1
2021-09-17,"15 to 39",1,1
2021-09-17,"40 to 59",0,NA
2021-09-17,"60+",1,1
2021-09-18,"Under 15",1,1
2021-09-18,"15 to 39",0,NA
2021-09-18,"40 to 59",1,1
2021-09-18,"60+",2,1
2021-09-19,"Under 15",0,NA
2021-09-19,"15 to 39",3,1
2021-09-19,"40 to 59",1,1
2021-09-19,"60+",0,NA
2021-09-20,"Under 15",1,1
2021-09-20,"15 to 39",0,NA
2021-09-20,"40 to 59",0,NA
2021-09-20,"60+",1,1
2021-09-21,"Under 15",0,NA
2021-09-21,"15 to 39",2,1
2021-09-21,"40 to 59",0,NA
2021-09-21,"60+",2,1
2021-09-22,"Under 15",0,NA
2021-09-22,"15 to 39",4,1
2021-09-22,"40 to 59",0,NA
2021-09-22,"60+",2,1
2021-09-23,"Under 15",0,NA
2021-09-23,"15 to 39",2,1
2021-09-23,"40 to 59",3,1
2021-09-23,"60+",0,NA
2021-09-24,"Under 15",0,NA
2021-09-24,"15 to 39",0,NA
2021-09-24,"40 to 59",3,1
2021-09-24,"60+",1,1
2021-09-25,"Under 15",0,NA
2021-09-25,"15 to 39",2,1
2021-09-25,"40 to 59",1,1
2021-09-25,"60+",3,1
2021-09-26,"Under 15",1,1
2021-09-26,"15 to 39",1,1
2021-09-26,"40 to 59",1,1
2021-09-26,"60+",0,NA
2021-09-27,"Under 15",0,NA
2021-09-27,"15 to 39",2,1
2021-09-27,"40 to 59",0,NA
2021-09-27,"60+",1,1
2021-09-28,"Under 15",0,NA
2021-09-28,"15 to 39",1,1
2021-09-28,"40 to 59",0,NA
2021-09-28,"60+",0,NA
2021-09-29,"Under 15",1,1
2021-09-29,"15 to 39",3,1
2021-09-29,"40 to 59",1,1
2021-09-29,"60+",7,1
2021-09-30,"Under 15",0,NA
2021-09-30,"15 to 39",1,1
2021-09-30,"40 to 59",1,1
2021-09-30,"60+",4,1
2021-10-01,"Under 15",0,NA
2021-10-01,"15 to 39",1,1
2021-10-01,"40 to 59",2,1
2021-10-01,"60+",0,NA
2021-10-02,"Under 15",0,NA
2021-10-02,"15 to 39",0,NA
2021-10-02,"40 to 59",3,1
2021-10-02,"60+",1,1
2021-10-03,"Under 15",1,1
2021-10-03,"15 to 39",2,1
2021-10-03,"40 to 59",2,1
2021-10-03,"60+",3,1
2021-10-04,"Under 15",0,NA
2021-10-04,"15 to 39",0,NA
2021-10-04,"40 to 59",3,1
2021-10-04,"60+",1,1
2021-10-05,"Under 15",0,NA
2021-10-05,"15 to 39",0,NA
2021-10-05,"40 to 59",0,NA
2021-10-05,"60+",1,1
2021-10-06,"Under 15",1,1
2021-10-06,"15 to 39",1,1
2021-10-06,"40 to 59",2,1
2021-10-06,"60+",2,1
2021-10-07,"Under 15",0,NA
2021-10-07,"15 to 39",0,NA
2021-10-07,"40 to 59",2,1
2021-10-07,"60+",3,1
2021-10-08,"Under 15",0,NA
2021-10-08,"15 to 39",2,1
2021-10-08,"40 to 59",3,1
2021-10-08,"60+",1,1
2021-10-09,"Under 15",0,NA
2021-10-09,"15 to 39",3,1
2021-10-09,"40 to 59",1,1
2021-10-09,"60+",1,1
2021-10-10,"Under 15",0,NA
2021-10-10,"15 to 39",1,1
2021-10-10,"40 to 59",1,1
2021-10-10,"60+",1,1
2021-10-11,"Under 15",0,NA
2021-10-11,"15 to 39",1,1
2021-10-11,"40 to 59",1,1
2021-10-11,"60+",1,1
2021-10-12,"Under 15",0,NA
2021-10-12,"15 to 39",2,1
2021-10-12,"40 to 59",2,1
2021-10-12,"60+",0,NA
2021-10-13,"Under 15",0,NA
2021-10-13,"15 to 39",0,NA
2021-10-13,"40 to 59",1,1
2021-10-13,"60+",0,NA
2021-10-14,"Under 15",0,NA
2021-10-14,"15 to 39",2,1
2021-10-14,"40 to 59",2,1
2021-10-14,"60+",1,1
2021-10-15,"Under 15",1,1
2021-10-15,"15 to 39",0,NA
2021-10-15,"40 to 59",2,1
2021-10-15,"60+",3,1
2021-10-16,"Under 15",1,1
2021-10-16,"15 to 39",2,1
2021-10-16,"40 to 59",2,1
2021-10-16,"60+",4,1
2021-10-17,"Under 15",0,NA
2021-10-17,"15 to 39",1,1
2021-10-17,"40 to 59",1,1
2021-10-17,"60+",0,NA
2021-10-18,"Under 15",1,1
2021-10-18,"15 to 39",3,1
2021-10-18,"40 to 59",1,1
2021-10-18,"60+",7,1
2021-10-19,"Under 15",0,NA
2021-10-19,"15 to 39",0,NA
2021-10-19,"40 to 59",2,1
2021-10-19,"60+",0,NA
2021-10-20,"Under 15",0,NA
2021-10-20,"15 to 39",0,NA
2021-10-20,"40 to 59",0,NA
2021-10-20,"60+",0,NA
2021-10-21,"Under 15",0,NA
2021-10-21,"15 to 39",0,NA
2021-10-21,"40 to 59",2,1
2021-10-21,"60+",3,1
2021-10-22,"Under 15",1,1
2021-10-22,"15 to 39",3,1
2021-10-22,"40 to 59",0,NA
2021-10-22,"60+",1,1
2021-10-23,"Under 15",1,1
2021-10-23,"15 to 39",3,1
2021-10-23,"40 to 59",0,NA
2021-10-23,"60+",1,1
2021-10-24,"Under 15",0,NA
2021-10-24,"15 to 39",0,NA
2021-10-24,"40 to 59",2,1
2021-10-24,"60+",0,NA
2021-10-25,"Under 15",0,NA
2021-10-25,"15 to 39",1,1
2021-10-25,"40 to 59",1,1
2021-10-25,"60+",2,1
2021-10-26,"Under 15",1,1
2021-10-26,"15 to 39",1,1
2021-10-26,"40 to 59",2,1
2021-10-26,"60+",1,1
2021-10-27,"Under 15",0,NA
2021-10-27,"15 to 39",0,NA
2021-10-27,"40 to 59",1,1
2021-10-27,"60+",2,1
2021-10-28,"Under 15",0,NA
2021-10-28,"15 to 39",2,1
2021-10-28,"40 to 59",2,1
2021-10-28,"60+",0,NA
2021-10-29,"Under 15",1,1
2021-10-29,"15 to 39",1,1
2021-10-29,"40 to 59",2,1
2021-10-29,"60+",2,1
2021-10-30,"Under 15",0,NA
2021-10-30,"15 to 39",1,1
2021-10-30,"40 to 59",1,1
2021-10-30,"60+",1,1
2021-10-31,"Under 15",0,NA
2021-10-31,"15 to 39",4,1
2021-10-31,"40 to 59",2,1
2021-10-31,"60+",1,1
2021-11-01,"Under 15",0,NA
2021-11-01,"15 to 39",2,1
2021-11-01,"40 to 59",1,1
2021-11-01,"60+",4,1
2021-11-02,"Under 15",2,1
2021-11-02,"15 to 39",3,1
2021-11-02,"40 to 59",1,1
2021-11-02,"60+",3,1
2021-11-03,"Under 15",0,NA
2021-11-03,"15 to 39",0,NA
2021-11-03,"40 to 59",2,1
2021-11-03,"60+",0,NA
2021-11-04,"Under 15",0,NA
2021-11-04,"15 to 39",2,1
2021-11-04,"40 to 59",1,1
2021-11-04,"60+",2,1
2021-11-05,"Under 15",2,1
2021-11-05,"15 to 39",2,1
2021-11-05,"40 to 59",2,1
2021-11-05,"60+",1,1
2021-11-06,"Under 15",0,NA
2021-11-06,"15 to 39",0,NA
2021-11-06,"40 to 59",0,NA
2021-11-06,"60+",2,1
2021-11-07,"Under 15",0,NA
2021-11-07,"15 to 39",0,NA
2021-11-07,"40 to 59",1,1
2021-11-07,"60+",2,1
2021-11-08,"Under 15",0,NA
2021-11-08,"15 to 39",0,NA
2021-11-08,"40 to 59",3,1
2021-11-08,"60+",1,1
2021-11-09,"Under 15",2,1
2021-11-09,"15 to 39",2,1
2021-11-09,"40 to 59",1,1
2021-11-09,"60+",1,1
2021-11-10,"Under 15",0,NA
2021-11-10,"15 to 39",1,1
2021-11-10,"40 to 59",1,1
2021-11-10,"60+",2,1
2021-11-11,"Under 15",1,1
2021-11-11,"15 to 39",2,1
2021-11-11,"40 to 59",2,1
2021-11-11,"60+",5,1
2021-11-12,"Under 15",0,NA
2021-11-12,"15 to 39",1,1
2021-11-12,"40 to 59",1,1
2021-11-12,"60+",2,1
2021-11-13,"Under 15",0,NA
2021-11-13,"15 to 39",0,NA
2021-11-13,"40 to 59",4,1
2021-11-13,"60+",3,1
2021-11-14,"Under 15",0,NA
2021-11-14,"15 to 39",2,1
2021-11-14,"40 to 59",3,1
2021-11-14,"60+",1,1
2021-11-15,"Under 15",0,NA
2021-11-15,"15 to 39",0,NA
2021-11-15,"40 to 59",0,NA
2021-11-15,"60+",0,NA
2021-11-16,"Under 15",0,NA
2021-11-16,"15 to 39",2,1
2021-11-16,"40 to 59",2,1
2021-11-16,"60+",1,1
2021-11-17,"Under 15",0,NA
2021-11-17,"15 to 39",2,1
2021-11-17,"40 to 59",0,NA
2021-11-17,"60+",6,1
2021-11-18,"Under 15",0,NA
2021-11-18,"15 to 39",1,1
2021-11-18,"40 to 59",0,NA
2021-11-18,"60+",4,1
2021-11-19,"Under 15",1,1
2021-11-19,"15 to 39",1,1
2021-11-19,"40 to 59",2,1
2021-11-19,"60+",2,1
2021-11-20,"Under 15",0,NA
2021-11-20,"15 to 39",0,NA
2021-11-20,"40 to 59",1,1
2021-11-20,"60+",3,1
2021-11-21,"Under 15",0,NA
2021-11-21,"15 to 39",2,1
2021-11-21,"40 to 59",1,1
2021-11-21,"60+",2,1
2021-11-22,"Under 15",0,NA
2021-11-22,"15 to 39",0,NA
2021-11-22,"40 to 59",1,1
2021-11-22,"60+",0,NA
2021-11-23,"Under 15",0,NA
2021-11-23,"15 to 39",0,NA
2021-11-23,"40 to 59",0,NA
2021-11-23,"60+",1,1
2021-11-24,"Under 15",0,NA
2021-11-24,"15 to 39",1,1
2021-11-24,"40 to 59",0,NA
2021-11-24,"60+",4,1
2021-11-25,"Under 15",0,NA
2021-11-25,"15 to 39",1,1
2021-11-25,"40 to 59",0,NA
2021-11-25,"60+",3,1
2021-11-26,"Under 15",1,1
2021-11-26,"15 to 39",0,NA
2021-11-26,"40 to 59",2,1
2021-11-26,"60+",3,1
2021-11-27,"Under 15",1,1
2021-11-27,"15 to 39",3,1
2021-11-27,"40 to 59",0,NA
2021-11-27,"60+",0,NA
2021-11-28,"Under 15",0,NA
2021-11-28,"15 to 39",2,1
2021-11-28,"40 to 59",1,1
2021-11-28,"60+",1,1
2021-11-29,"Under 15",0,NA
2021-11-29,"15 to 39",0,NA
2021-11-29,"40 to 59",0,NA
2021-11-29,"60+",4,1
2021-11-30,"Under 15",1,1
2021-11-30,"15 to 39",0,NA
2021-11-30,"40 to 59",0,NA
2021-11-30,"60+",2,1
2021-12-01,"Under 15",0,NA
2021-12-01,"15 to 39",0,NA
2021-12-01,"40 to 59",0,NA
2021-12-01,"60+",0,NA
2021-12-02,"Under 15",0,NA
2021-12-02,"15 to 39",0,NA
2021-12-02,"40 to 59",0,NA
2021-12-02,"60+",2,1
2021-12-03,"Under 15",0,NA
2021-12-03,"15 to 39",0,NA
2021-12-03,"40 to 59",1,1
2021-12-03,"60+",3,1
2021-12-04,"Under 15",0,NA
2021-12-04,"15 to 39",2,1
2021-12-04,"40 to 59",2,1
2021-12-04,"60+",2,1
2021-12-05,"Under 15",0,NA
2021-12-05,"15 to 39",0,NA
2021-12-05,"40 to 59",2,1
2021-12-05,"60+",4,1
2021-12-06,"Under 15",0,NA
2021-12-06,"15 to 39",2,1
2021-12-06,"40 to 59",1,1
2021-12-06,"60+",0,NA
2021-12-07,"Under 15",0,NA
2021-12-07,"15 to 39",2,1
2021-12-07,"40 to 59",1,1
2021-12-07,"60+",1,1
2021-12-08,"Under 15",0,NA
2021-12-08,"15 to 39",1,1
2021-12-08,"40 to 59",2,1
2021-12-08,"60+",1,1
2021-12-09,"Under 15",0,NA
2021-12-09,"15 to 39",3,1
2021-12-09,"40 to 59",0,NA
2021-12-09,"60+",1,1
2021-12-10,"Under 15",0,NA
2021-12-10,"15 to 39",0,NA
2021-12-10,"40 to 59",1,1
2021-12-10,"60+",2,1
2021-12-11,"Under 15",1,1
2021-12-11,"15 to 39",1,1
2021-12-11,"40 to 59",1,1
2021-12-11,"60+",2,1
2021-12-12,"Under 15",0,NA
2021-12-12,"15 to 39",1,1
2021-12-12,"40 to 59",1,1
2021-12-12,"60+",1,1
2021-12-13,"Under 15",1,1
2021-12-13,"15 to 39",0,NA
2021-12-13,"40 to 59",1,1
2021-12-13,"60+",2,1
2021-12-14,"Under 15",1,1
2021-12-14,"15 to 39",0,NA
2021-12-14,"40 to 59",1,1
2021-12-14,"60+",1,1
2021-12-15,"Under 15",2,1
2021-12-15,"15 to 39",2,1
2021-12-15,"40 to 59",0,NA
2021-12-15,"60+",3,1
2021-12-16,"Under 15",0,NA
2021-12-16,"15 to 39",1,1
2021-12-16,"40 to 59",2,1
2021-12-16,"60+",1,1
2021-12-17,"Under 15",1,1
2021-12-17,"15 to 39",3,1
2021-12-17,"40 to 59",1,1
2021-12-17,"60+",4,1
2021-12-18,"Under 15",1,1
2021-12-18,"15 to 39",3,1
2021-12-18,"40 to 59",2,1
2021-12-18,"60+",5,1
2021-12-19,"Under 15",0,NA
2021-12-19,"15 to 39",0,NA
2021-12-19,"40 to 59",1,1
2021-12-19,"60+",0,NA
2021-12-20,"Under 15",1,1
2021-12-20,"15 to 39",0,NA
2021-12-20,"40 to 59",3,1
2021-12-20,"60+",3,1
2021-12-21,"Under 15",0,NA
2021-12-21,"15 to 39",1,1
2021-12-21,"40 to 59",1,1
2021-12-21,"60+",3,1
2021-12-22,"Under 15",2,1
2021-12-22,"15 to 39",1,1
2021-12-22,"40 to 59",0,NA
2021-12-22,"60+",0,NA
2021-12-23,"Under 15",1,1
2021-12-23,"15 to 39",2,1
2021-12-23,"40 to 59",0,NA
2021-12-23,"60+",2,1
2021-12-24,"Under 15",2,1
2021-12-24,"15 to 39",1,1
2021-12-24,"40 to 59",1,1
2021-12-24,"60+",3,1
2021-12-25,"Under 15",2,1
2021-12-25,"15 to 39",0,NA
2021-12-25,"40 to 59",0,NA
2021-12-25,"60+",2,1
2021-12-26,"Under 15",0,NA
2021-12-26,"15 to 39",1,1
2021-12-26,"40 to 59",1,1
2021-12-26,"60+",3,1
2021-12-27,"Under 15",0,NA
2021-12-27,"15 to 39",4,1
2021-12-27,"40 to 59",1,1
2021-12-27,"60+",3,1
2021-12-28,"Under 15",0,NA
2021-12-28,"15 to 39",2,1
2021-12-28,"40 to 59",6,1
2021-12-28,"60+",3,1
2021-12-29,"Under 15",1,1
2021-12-29,"15 to 39",2,1
2021-12-29,"40 to 59",0,NA
2021-12-29,"60+",3,1
2021-12-30,"Under 15",0,NA
2021-12-30,"15 to 39",0,NA
2021-12-30,"40 to 59",1,1
2021-12-30,"60+",0,NA
2021-12-31,"Under 15",0,NA
2021-12-31,"15 to 39",1,1
2021-12-31,"40 to 59",1,1
2021-12-31,"60+",3,1
